,darea,empdensity,housedensity,lat,lon,name,narea,parking,paydensity,popdensity,warea,empnear,empwalk,empdrive,housenear,housewalk,housedrive,paynear,paywalk,paydrive,popnear,popwalk,popdrive,15empnet,30empnet,60empnet,15housenet,30housenet,60housenet,15paynet,30paynet,60paynet,15popnet,30popnet,60popnet
0,63.61725123519331,1873.6660350349518,999.9607453563492,42.074,-87.691,Linden,2.419026343264141,1,109183.01104364729,2775.4968961152326,2.701769682087222,4532.447497228821,5062.214087814007,119197.48288166703,2418.931385247054,2701.6636250811252,63614.75396266603,264116.5799514824,294987.3490367206,6945923.044178595,6714.000107350604,7498.753366651324,176569.483342662,17934.771808637794,324571.4369203593,689276.4446321584,21663.528725642125,65295.926352019495,413016.43812621944,770988.2859941012,27381639.680264972,48993965.98423434,75869.01109422062,164694.92527301674,1006706.0616545521
1,0.0,2473.58147328212,1128.5651580136564,42.064,-87.686,Central,1.6336281798666925,0,147623.07301298366,3113.5226552844833,2.57610597594363,4040.9123999498415,6372.208015305518,0.0,1843.6558449468157,2907.303447800747,0.0,241161.21207252835,380292.68057591,0.0,5086.338348326102,8020.764318514236,0.0,17934.771808637794,324571.4369203593,689276.4446321584,21663.528725642125,65295.926352019495,413016.43812621944,770988.2859941012,27381639.680264972,48993965.98423434,75869.01109422062,164694.92527301674,1006706.0616545521
2,0.0,2469.154930308504,1235.1416905318533,42.058,-87.683,Noyes,0.4712388980384689,0,145667.14564044596,3312.871905520482,2.293362637120549,1163.5618484448319,5662.667662431516,0.0,582.0468091676022,2832.627804615664,0.0,68644.02519201291,334067.5892677962,0.0,1561.1541061000746,7597.61664968703,0.0,17934.771808637794,324571.4369203593,689276.4446321584,21663.528725642125,65295.926352019495,413016.43812621944,770988.2859941012,27381639.680264972,48993965.98423434,75869.01109422062,164694.92527301674,1006706.0616545521
3,0.0,2599.6493844455294,1271.4197188157725,42.054,-87.684,Foster,0.8796459430051421,0,152714.03598551775,3427.1390376145655,2.764601535159018,2286.771034263325,7186.994679113306,0.0,1118.3991975130327,3514.9689064695317,0.0,134334.28219460195,422193.4583258919,0.0,3014.6689505521995,9474.673844592628,0.0,17934.771808637794,324571.4369203593,689276.4446321584,21663.528725642125,65295.926352019495,413016.43812621944,770988.2859941012,27381639.680264972,48993965.98423434,75869.01109422062,164694.92527301674,1006706.0616545521
4,0.0,2345.3232743545686,1281.5902463700147,42.049,-87.684,Davis,1.288052987971815,0,135058.29780343146,3412.772363081468,2.9845130209103035,3020.900651292243,6999.647850555198,0.0,1650.756146192432,3824.9227777629526,0.0,173962.2440360971,403083.2483763226,0.0,4395.8316395347165,10185.463555019467,0.0,17934.771808637794,324571.4369203593,689276.4446321584,21663.528725642125,65295.926352019495,413016.43812621944,770988.2859941012,27381639.680264972,48993965.98423434,75869.01109422062,164694.92527301674,1006706.0616545521
5,0.0,1901.725944279633,1335.9198232358676,42.042,-87.682,Dempster,1.288052987971815,0,104033.03751587003,3449.206001711953,2.8902652413026093,2449.5237848329025,5496.492395234806,0.0,1720.7355200097381,3861.162630265754,0.0,134000.06482010032,300683.0722792495,0.0,4442.760096635398,9969.120216840405,0.0,17934.771808637794,324571.4369203593,689276.4446321584,21663.528725642125,65295.926352019495,413016.43812621944,770988.2859941012,27381639.680264972,48993965.98423434,75869.01109422062,164694.92527301674,1006706.0616545521
6,0.0,1414.6899214672912,1721.406496403688,42.033,-87.68,Main,1.350884841043611,0,68191.32212084047,4156.821043114456,2.9530970943744057,1911.0831696873402,4177.716696525814,0.0,2325.4219412657353,5083.480522766957,0.0,92118.62334376526,201375.59521660313,0.0,5615.38653407441,12275.496144255687,0.0,17934.771808637794,324571.4369203593,689276.4446321584,21663.528725642125,65295.926352019495,413016.43812621944,770988.2859941012,27381639.680264972,48993965.98423434,75869.01109422062,164694.92527301674,1006706.0616545521
7,0.0,1454.8948839945208,2083.4066792878284,42.028,-87.678,South Boulevard,1.5393804002589986,0,67689.81496625868,5076.812204534867,2.9530970943744057,2239.636668858255,4296.445854544408,0.0,3207.1554078643685,6152.502211005115,0.0,104200.37445621684,199894.59589559966,0.0,7815.145203456653,14992.319369896437,0.0,17934.771808637794,324571.4369203593,689276.4446321584,21663.528725642125,65295.926352019495,413016.43812621944,770988.2859941012,27381639.680264972,48993965.98423434,75869.01109422062,164694.92527301674,1006706.0616545521
8,7.0685834705770345,1205.5702554044874,3075.1784384234793,42.019,-87.673,Howard,1.1938052083641213,1,43986.99321894888,7399.632982366174,2.796017461694916,1439.216049950741,3370.7954854109466,8521.673979971494,3671.164036438995,8598.252611659753,21737.1554789151,52511.90160505846,122988.40112763694,310925.7331878462,8833.720394331674,20689.50302882945,52304.92338749018,17934.771808637794,324571.4369203593,689276.4446321584,21663.528725642125,65295.926352019495,413016.43812621944,770988.2859941012,27381639.680264972,48993965.98423434,75869.01109422062,164694.92527301674,1006706.0616545521
9,0.0,1305.1523421241106,3567.708292049124,42.016,-87.669,Jarvis,0.7539822368615503,0,48792.26448295389,8453.835005554663,2.293362637120549,984.0616823598283,2993.1876171778113,0.0,2689.9886785086996,8182.048897130629,0.0,36788.500716397946,111898.35634571043,0.0,6374.041427546582,19387.709342120852,0.0,17934.771808637794,324571.4369203593,689276.4446321584,21663.528725642125,65295.926352019495,413016.43812621944,770988.2859941012,27381639.680264972,48993965.98423434,75869.01109422062,164694.92527301674,1006706.0616545521
10,7.0685834705770345,1627.467397335435,4831.41034246883,42.008,-87.666,Morse,1.1309733552923256,0,61129.09200204965,11079.848268636108,2.1048670779051615,1840.6222629933252,3425.602545015355,11503.889143708282,5464.196365816017,10169.476569713142,34151.2272863501,69135.37428753135,128668.61325735002,432096.0892970709,12531.013172509243,23321.607848836647,78318.83232818276,17934.771808637794,324571.4369203593,689276.4446321584,21663.528725642125,65295.926352019495,413016.43812621944,770988.2859941012,27381639.680264972,48993965.98423434,75869.01109422062,164694.92527301674,1006706.0616545521
11,7.0685834705770345,1845.2247665127395,4868.031320237757,42.001,-87.661,Loyola,0.7853981633974483,0,59644.20167388121,11068.150342341109,1.8221237390820801,1449.2361426745908,3362.2278510050514,13043.125284071319,3823.3428582759902,8870.155431200297,34410.08572448391,46844.446451973316,108679.11576857809,421600.0180677598,8692.904951081546,20167.539486509188,78236.1445597339,17934.771808637794,324571.4369203593,689276.4446321584,21663.528725642125,65295.926352019495,413016.43812621944,770988.2859941012,27381639.680264972,48993965.98423434,75869.01109422062,164694.92527301674,1006706.0616545521
12,0.0,2455.6336885488736,5799.071277995164,41.994,-87.659,Granville,0.5969026041820606,0,76359.64686533903,12113.468220448221,2.1676989309769574,1465.7741436120218,5323.074521538396,0.0,3461.4807476727037,12570.640609969294,0.0,45579.272068343394,165524.7248797734,0.0,7230.560726462175,26258.352111888955,0.0,17934.771808637794,324571.4369203593,689276.4446321584,21663.528725642125,65295.926352019495,413016.43812621944,770988.2859941012,27381639.680264972,48993965.98423434,75869.01109422062,164694.92527301674,1006706.0616545521
13,0.0,2310.5132830316147,5408.946636400346,41.99,-87.659,Thorndale,0.7539822368615503,0,71297.55228782118,11518.219806694442,2.2305307840487534,1742.0859734385012,5153.671004755567,0.0,4078.249683977891,12064.821981767931,0.0,53757.087956724754,159031.38520531077,0.0,8684.53313451449,25691.743856272034,0.0,17934.771808637794,324571.4369203593,689276.4446321584,21663.528725642125,65295.926352019495,413016.43812621944,770988.2859941012,27381639.680264972,48993965.98423434,75869.01109422062,164694.92527301674,1006706.0616545521
14,0.0,2266.447889199141,5098.607434666483,41.984,-87.659,Bryn Mawr,0.8796459430051421,0,73028.98804607562,10681.438625270728,2.3876104167282426,1993.6716907665923,5411.394589223607,0.0,4484.969344880226,12173.488221817757,0.0,64239.65305650144,174364.77258193246,0.0,9395.884152177818,25503.11412733979,0.0,17934.771808637794,324571.4369203593,689276.4446321584,21663.528725642125,65295.926352019495,413016.43812621944,770988.2859941012,27381639.680264972,48993965.98423434,75869.01109422062,164694.92527301674,1006706.0616545521
15,0.0,2266.458940744097,5065.581650347524,41.977,-87.659,Berwyn,0.9110618695410401,0,80989.57131992027,10122.763459251786,3.015928947446201,2064.8843197923225,6835.479127588377,0.0,4615.058288678402,15277.4343349354,0.0,73786.51026005397,244258.7925850062,0.0,9222.463802107659,30529.535344908105,0.0,17934.771808637794,324571.4369203593,689276.4446321584,21663.528725642125,65295.926352019495,413016.43812621944,770988.2859941012,27381639.680264972,48993965.98423434,75869.01109422062,164694.92527301674,1006706.0616545521
16,0.0,2488.850118159645,5454.908689962213,41.973,-87.659,Argyle,0.7539822368615503,0,89745.93259995074,10464.710903537993,3.015928947446201,1876.5487793031427,7506.195117212571,0.0,4112.904255933218,16451.617023732873,0.0,67666.83901093679,270667.35604374716,0.0,7890.206135159031,31560.824540636124,0.0,17934.771808637794,324571.4369203593,689276.4446321584,21663.528725642125,65295.926352019495,413016.43812621944,770988.2859941012,27381639.680264972,48993965.98423434,75869.01109422062,164694.92527301674,1006706.0616545521
17,0.0,2175.314352177844,4895.414127103289,41.969,-87.658,Lawrence,0.9110618695410401,0,82407.98333842472,9653.087417661665,3.0473448739820994,1981.845960534603,6628.933040408844,0.0,4460.025146816341,14918.01514624776,0.0,75078.7713654121,251125.5456015508,0.0,8794.559869577928,29416.286460312378,0.0,17934.771808637794,324571.4369203593,689276.4446321584,21663.528725642125,65295.926352019495,413016.43812621944,770988.2859941012,27381639.680264972,48993965.98423434,75869.01109422062,164694.92527301674,1006706.0616545521
18,7.0685834705770345,1939.4758118343032,4358.7189181785225,41.965,-87.658,Wilson,1.2252211349000193,0,78210.94863991819,8893.218491737174,3.141592653589793,2376.286755286761,6093.0429622737465,13709.34666511593,5340.3945396408735,13693.319332412497,30809.96849792812,95825.70725420768,245706.94167745562,552840.6187742752,10896.159253360058,27938.869880410406,62862.45723092341,17934.771808637794,324571.4369203593,689276.4446321584,21663.528725642125,65295.926352019495,413016.43812621944,770988.2859941012,27381639.680264972,48993965.98423434,75869.01109422062,164694.92527301674,1006706.0616545521
19,0.0,2086.5824583313424,4711.597618797071,41.954,-87.655,Sheridan,1.4765485471872029,0,92431.00645840882,8942.573727633191,3.141592653589793,3080.9402974354457,6555.192122203076,0.0,6956.9026189655,14801.92046588404,0.0,136478.8683012145,290380.5708536479,0.0,13204.144245651238,28093.923926917523,0.0,17934.771808637794,324571.4369203593,689276.4446321584,21663.528725642125,65295.926352019495,413016.43812621944,770988.2859941012,27381639.680264972,48993965.98423434,75869.01109422062,164694.92527301674,1006706.0616545521
20,7.0685834705770345,2540.7928482385887,4754.89612557437,41.947,-87.654,Addison,1.2566370614359172,0,104565.62429771846,9135.81878694228,3.141592653589793,3192.8544585279346,7982.136146319836,17959.80632921963,5975.178694674804,14937.94673668701,33610.38015754578,131401.03884469706,328502.5971117427,739130.843501421,11480.408474234193,28701.021185585483,64577.297667567334,17934.771808637794,324571.4369203593,689276.4446321584,21663.528725642125,65295.926352019495,413016.43812621944,770988.2859941012,27381639.680264972,48993965.98423434,75869.01109422062,164694.92527301674,1006706.0616545521
21,0.0,2846.994621798466,5106.085667148099,41.94,-87.653,Belmont B-P-R,0.8796459430051421,0,113352.6558628244,9654.467807855166,3.141592653589793,2504.3472688224797,8944.097388651713,0.0,4491.547541743529,16041.241220512604,0.0,99710.20385859151,356107.87092354114,0.0,8492.513439053544,30330.405139476945,0.0,17934.771808637794,324571.4369203593,689276.4446321584,21663.528725642125,65295.926352019495,413016.43812621944,770988.2859941012,27381639.680264972,48993965.98423434,75869.01109422062,164694.92527301674,1006706.0616545521
22,0.0,2819.0693411077837,4883.168661007546,41.936,-87.653,Wellington,0.5969026041820606,0,111890.02432264993,9349.557523635462,3.141592653589793,1682.7098310770418,8856.367531984431,0.0,2914.7760904156303,15340.926791661213,0.0,66787.44690018384,351512.8784220203,0.0,5580.775233807985,29372.501230568345,0.0,17934.771808637794,324571.4369203593,689276.4446321584,21663.528725642125,65295.926352019495,413016.43812621944,770988.2859941012,27381639.680264972,48993965.98423434,75869.01109422062,164694.92527301674,1006706.0616545521
23,7.0685834705770345,2863.8428237017074,4789.303433916133,41.933,-87.653,Diversey,1.4451326206513047,0,109730.97382291936,9275.86091265187,3.141592653589793,4138.632684949481,8997.027575977134,20243.31204594855,6921.178622549514,15046.040483803294,33853.59108855741,158575.80976733516,344730.02123333735,775642.5477750091,13404.8491894976,29140.97649890783,65567.19712254261,17934.771808637794,324571.4369203593,689276.4446321584,21663.528725642125,65295.926352019495,413016.43812621944,770988.2859941012,27381639.680264972,48993965.98423434,75869.01109422062,164694.92527301674,1006706.0616545521
24,7.0685834705770345,3016.43276951969,4155.910352111694,41.925,-87.653,Fullerton,1.8221237390820801,0,113976.19983688374,8263.57924075608,3.141592653589793,5496.313756686932,9476.403028770572,21321.906814733786,7572.582910079685,13056.17743117187,29376.399220136704,207678.73941314896,358066.7920916361,805650.2822061813,15057.263904367526,25960.79983511642,58411.79962901195,17934.771808637794,324571.4369203593,689276.4446321584,21663.528725642125,65295.926352019495,413016.43812621944,770988.2859941012,27381639.680264972,48993965.98423434,75869.01109422062,164694.92527301674,1006706.0616545521
25,0.0,3480.2657982135784,4136.348786624545,41.918,-87.653,Armitage,1.6336281798666925,0,140041.90053065622,8178.998990448063,3.141592653589793,5685.46028138795,10933.577464207596,0.0,6757.255939587258,12994.722960744726,0.0,228776.39506896833,439954.60590186215,0.0,13361.443233897184,25695.08314210997,0.0,17934.771808637794,324571.4369203593,689276.4446321584,21663.528725642125,65295.926352019495,413016.43812621944,770988.2859941012,27381639.680264972,48993965.98423434,75869.01109422062,164694.92527301674,1006706.0616545521
26,0.0,7426.511545517544,5130.215551034056,41.91,-87.639,Sedgwick,1.5393804002589986,0,402346.7056991175,8981.764356516134,3.141592653589793,11432.22631546687,23331.074113197697,0.0,7897.353268365744,16117.047486460704,0.0,619364.632861997,1264009.4548204022,0.0,13826.352010165814,28217.044918705742,0.0,17934.771808637794,324571.4369203593,689276.4446321584,21663.528725642125,65295.926352019495,413016.43812621944,770988.2859941012,27381639.680264972,48993965.98423434,75869.01109422062,164694.92527301674,1006706.0616545521
27,0.0,16798.35790503505,5859.946882781501,41.897,-87.636,Chicago P-B,0.8482300164692441,0,1273246.1318820796,9304.684145092113,3.141592653589793,14248.871402444136,52773.597786830134,0.0,4970.582840890648,18409.566077372772,0.0,1080005.5874157378,4000020.6941323625,0.0,7892.512385632597,29231.527354194808,0.0,17934.771808637794,324571.4369203593,689276.4446321584,21663.528725642125,65295.926352019495,413016.43812621944,770988.2859941012,27381639.680264972,48993965.98423434,75869.01109422062,164694.92527301674,1006706.0616545521
28,0.0,43640.264883418145,5579.550678370433,41.889,-87.634,Merchandise Mart,0.25132741228718347,0,3877275.936901215,8337.000680335075,3.141592653589793,10967.994844676727,137099.93555845908,0.0,1402.29403372004,17528.6754215005,0.0,974465.7279447472,12180821.59930934,0.0,2095.3168072251024,26191.46009031378,0.0,17934.771808637794,324571.4369203593,689276.4446321584,21663.528725642125,65295.926352019495,413016.43812621944,770988.2859941012,27381639.680264972,48993965.98423434,75869.01109422062,164694.92527301674,1006706.0616545521
29,0.0,53458.49001287961,5155.352215574798,41.886,-87.632,Clark-Lake,0.09424777960769379,0,4802268.886107119,7856.516343914146,3.141592653589793,5038.343984893977,167944.7994964659,0.0,485.88049941352944,16196.016647117649,0.0,452603.1795947089,15086772.653156964,0.0,740.4592208654647,24681.97402884882,0.0,17934.771808637794,324571.4369203593,689276.4446321584,21663.528725642125,65295.926352019495,413016.43812621944,770988.2859941012,27381639.680264972,48993965.98423434,75869.01109422062,164694.92527301674,1006706.0616545521
30,0.0,63818.79504003646,4921.313450083722,41.885,-87.628,State-Lake-Washington,0.18849555921538758,0,5793382.315637032,7482.975370330315,3.141592653589793,12029.559459523874,200492.65765873127,0.0,927.6457308477396,15460.76218079566,0.0,1092026.8393345394,18200447.322242323,0.0,1410.5076270253846,23508.460450423077,0.0,17934.771808637794,324571.4369203593,689276.4446321584,21663.528725642125,65295.926352019495,413016.43812621944,770988.2859941012,27381639.680264972,48993965.98423434,75869.01109422062,164694.92527301674,1006706.0616545521
31,0.0,61721.445956896874,4729.14284153675,41.884,-87.626,Randolph-Wabash,0.9110618695410401,0,5593944.912594653,7457.471771912953,3.141592653589793,56232.055944266736,193903.64118712666,0.0,4308.541718537098,14857.040408748613,0.0,5096429.910178075,17573896.24199336,0.0,6794.2181745685475,23428.33853299499,0.0,17934.771808637794,324571.4369203593,689276.4446321584,21663.528725642125,65295.926352019495,413016.43812621944,770988.2859941012,27381639.680264972,48993965.98423434,75869.01109422062,164694.92527301674,1006706.0616545521
32,0.0,114547.00165309936,1708.9112041698331,41.88,-87.626,Adams-Wabash,0.5026548245743669,0,10554953.845593717,3959.560033568851,3.078760800517997,57577.60302145838,352662.8185064325,0.0,858.9924615451577,5261.32882696409,0.0,5305498.473647449,32496178.151090626,0.0,1990.2919540652254,12190.538218649503,0.0,17934.771808637794,324571.4369203593,689276.4446321584,21663.528725642125,65295.926352019495,413016.43812621944,770988.2859941012,27381639.680264972,48993965.98423434,75869.01109422062,164694.92527301674,1006706.0616545521
33,0.0,59728.220017663065,3427.2937858244873,41.878,-87.629,Washington Library-Jackson,0.09424777960769379,0,5495415.862407572,5848.235210448606,3.141592653589793,5629.252116584553,187641.7372194851,0.0,323.01482937720476,10767.16097924016,0.0,517930.7430528133,17264358.101760443,0.0,551.183183208315,18372.7727736105,0.0,17934.771808637794,324571.4369203593,689276.4446321584,21663.528725642125,65295.926352019495,413016.43812621944,770988.2859941012,27381639.680264972,48993965.98423434,75869.01109422062,164694.92527301674,1006706.0616545521
34,0.0,40274.83519027013,3229.074314026282,41.877,-87.632,LaSalle-Van Buren,0.18849555921538758,0,3684595.1576222247,5629.448436495641,3.141592653589793,7591.627581497539,126527.12635829233,0.0,608.6661685704281,10144.436142840468,0.0,694529.8247183104,11575497.078638507,0.0,1061.126031111435,17685.43385185725,0.0,17934.771808637794,324571.4369203593,689276.4446321584,21663.528725642125,65295.926352019495,413016.43812621944,770988.2859941012,27381639.680264972,48993965.98423434,75869.01109422062,164694.92527301674,1006706.0616545521
35,0.0,57381.39345945042,3599.2818996812966,41.879,-87.634,Quincy-Wells,0.34557519189487723,0,5328806.009381971,5853.205059704083,3.141592653589793,19829.58605594503,180268.96414495484,0.0,1243.8225331661224,11307.477574237477,0.0,1841503.1592627496,16740937.811479542,0.0,2022.722461707305,18388.386015520955,0.0,17934.771808637794,324571.4369203593,689276.4446321584,21663.528725642125,65295.926352019495,413016.43812621944,770988.2859941012,27381639.680264972,48993965.98423434,75869.01109422062,164694.92527301674,1006706.0616545521
36,0.0,67628.54445831261,3840.213305323277,41.883,-87.634,Washington-Wells,0.25132741228718347,0,6341672.369750318,5999.295956594186,3.141592653589793,16996.90707545645,212461.3384432056,0.0,965.1508726577108,12064.385908221384,0.0,1593836.106262478,19922951.328280974,0.0,1507.7875283157796,18847.344103947245,0.0,17934.771808637794,324571.4369203593,689276.4446321584,21663.528725642125,65295.926352019495,413016.43812621944,770988.2859941012,27381639.680264972,48993965.98423434,75869.01109422062,164694.92527301674,1006706.0616545521
37,0.0,3989.9707771733047,3966.421387934749,41.911,-87.649,North-Clybourn,1.350884841043611,0,163364.86558373104,7814.604437954658,3.141592653589793,5389.991039090412,12534.862881605612,0.0,5358.178526152212,12460.880293377239,0.0,220687.12047618936,513225.86157253344,0.0,10556.630673985075,24550.303892988548,0.0,17934.771808637794,324571.4369203593,689276.4446321584,21663.528725642125,65295.926352019495,413016.43812621944,770988.2859941012,27381639.680264972,48993965.98423434,75869.01109422062,164694.92527301674,1006706.0616545521
38,0.0,11569.79017660414,6373.863757771421,41.904,-87.632,Clark-Division,1.1309733552923256,0,634182.9555678557,10543.567336660257,2.8902652413026093,13085.124416062172,33439.76239660332,0.0,7208.670080302894,18422.15687188517,0.0,717244.0251277817,1832956.9531043305,0.0,11924.49372749322,30473.706192482667,0.0,17934.771808637794,324571.4369203593,689276.4446321584,21663.528725642125,65295.926352019495,413016.43812621944,770988.2859941012,27381639.680264972,48993965.98423434,75869.01109422062,164694.92527301674,1006706.0616545521
39,7.0685834705770345,23221.352483810362,6790.703534102039,41.897,-87.628,Chicago R,0.6283185307179586,0,1717098.1207657568,10346.323982134023,2.764601535159018,14590.406073911547,64197.7867252108,164142.06833150488,4266.724867088243,18773.589415188264,48000.654754742725,1078884.5683381082,4747092.100687676,12137451.393803718,6500.787082786428,28603.463164260284,73133.85468134732,17934.771808637794,324571.4369203593,689276.4446321584,21663.528725642125,65295.926352019495,413016.43812621944,770988.2859941012,27381639.680264972,48993965.98423434,75869.01109422062,164694.92527301674,1006706.0616545521
40,0.0,53064.87267866801,7016.262656983733,41.892,-87.628,Grand R,0.7539822368615503,0,4595772.671706267,10373.708440762182,3.141592653589793,40009.97140103547,166708.21417098117,0.0,5290.137412520759,22042.239218836497,0.0,3465130.959120274,14438045.663001144,0.0,7821.591894715415,32589.966227980898,0.0,17934.771808637794,324571.4369203593,689276.4446321584,21663.528725642125,65295.926352019495,413016.43812621944,770988.2859941012,27381639.680264972,48993965.98423434,75869.01109422062,164694.92527301674,1006706.0616545521
41,0.0,67415.9587258829,3378.6232806460207,41.88,-87.629,Monroe,0.09424777960769379,0,6221322.950366072,5767.6384558221125,3.141592653589793,6353.804420038392,211793.48066794642,0.0,318.4277423317495,10614.258077724984,0.0,586345.8742943889,19544862.47647963,0.0,543.5871180411818,18119.57060137273,0.0,17934.771808637794,324571.4369203593,689276.4446321584,21663.528725642125,65295.926352019495,413016.43812621944,770988.2859941012,27381639.680264972,48993965.98423434,75869.01109422062,164694.92527301674,1006706.0616545521
42,0.0,33305.23986064475,2832.926738888199,41.874,-87.628,Harrison,0.6911503837897545,0,3002958.337815675,5353.598191954279,3.141592653589793,23018.929311894448,104631.4968722475,0.0,1957.9784028308363,8899.901831049256,0.0,2075495.8076859468,9434071.853117941,0.0,3700.1414450253355,16818.824750115164,0.0,17934.771808637794,324571.4369203593,689276.4446321584,21663.528725642125,65295.926352019495,413016.43812621944,770988.2859941012,27381639.680264972,48993965.98423434,75869.01109422062,164694.92527301674,1006706.0616545521
43,0.0,9416.87575619148,2441.3868902572067,41.867,-87.627,Roosevelt,1.9163715186897738,0,740274.8800158852,5323.988697808145,3.078760800517997,18046.232494205582,28992.307941510604,0.0,4678.604302591508,7516.446256622421,0.0,1418641.696063932,2279129.2822010713,0.0,10202.740306305786,16391.287705212573,0.0,17934.771808637794,324571.4369203593,689276.4446321584,21663.528725642125,65295.926352019495,413016.43812621944,770988.2859941012,27381639.680264972,48993965.98423434,75869.01109422062,164694.92527301674,1006706.0616545521
44,0.0,2493.1225249759004,1938.4400197853738,41.854,-87.631,Cermak-Chinatown,1.790707812546182,0,133923.141881416,4630.480550549917,3.141592653589793,4464.453983109209,7832.375408963524,0.0,3471.1796875818445,6089.788925582184,0.0,239817.2164477824,420731.95868032007,0.0,8291.837697712883,14547.08368019804,0.0,17934.771808637794,324571.4369203593,689276.4446321584,21663.528725642125,65295.926352019495,413016.43812621944,770988.2859941012,27381639.680264972,48993965.98423434,75869.01109422062,164694.92527301674,1006706.0616545521
45,0.0,1376.6539884789918,1623.5287610531623,41.831,-87.631,Sox-35th,1.790707812546182,0,62865.59951722445,4277.155929052238,3.141592653589793,2465.185052342192,4324.886056740688,0.0,2907.265636311321,5100.4660286163535,0.0,112573.92019589331,197498.1056068304,0.0,7659.136537632066,13437.081644968537,0.0,17934.771808637794,324571.4369203593,689276.4446321584,21663.528725642125,65295.926352019495,413016.43812621944,770988.2859941012,27381639.680264972,48993965.98423434,75869.01109422062,164694.92527301674,1006706.0616545521
46,7.0685834705770345,902.3569906219199,1578.2807878006538,41.81,-87.631,47th R,2.356194490192345,0,36519.20854599606,4111.22107794556,3.141592653589793,2126.128569489913,2834.8380926532172,6378.385708469739,3718.736496192334,4958.315328256445,11156.209488577002,86046.3579622611,114728.4772830148,258139.07388678333,9686.83645181796,12915.78193575728,29060.509355453883,17934.771808637794,324571.4369203593,689276.4446321584,21663.528725642125,65295.926352019495,413016.43812621944,770988.2859941012,27381639.680264972,48993965.98423434,75869.01109422062,164694.92527301674,1006706.0616545521
47,0.0,970.8286019277915,1439.6543563207713,41.795,-87.631,Garfield R,2.1362830044410597,0,47873.47012098846,4020.577198706329,3.141592653589793,2073.964642523616,3049.9480037111994,0.0,3075.509133677597,4522.807549525877,0.0,102271.28058308453,150398.9420339478,0.0,8589.090737639575,12631.015790646434,0.0,17934.771808637794,324571.4369203593,689276.4446321584,21663.528725642125,65295.926352019495,413016.43812621944,770988.2859941012,27381639.680264972,48993965.98423434,75869.01109422062,164694.92527301674,1006706.0616545521
48,7.0685834705770345,721.4288396888642,1247.2769457624138,41.781,-87.631,63rd,1.6650441064025905,0,34843.33335956492,3802.4481651323904,3.141592653589793,1201.2108377128025,2266.4355428543445,5099.4799714222745,2076.7711275935308,3918.436089799114,8816.481202048006,58015.68685776434,109463.5601089893,246293.01024522595,6331.2439072550305,11945.743221235905,26877.92224778079,17934.771808637794,324571.4369203593,689276.4446321584,21663.528725642125,65295.926352019495,413016.43812621944,770988.2859941012,27381639.680264972,48993965.98423434,75869.01109422062,164694.92527301674,1006706.0616545521
49,0.0,735.9087783693651,1413.067450286171,41.769,-87.626,69th,2.6389378290154264,0,36309.237217390124,3965.534561512288,3.141592653589793,1942.0175139434468,2311.9256118374365,0.0,3728.997149510552,4439.282320845895,0.0,95817.81963566561,114068.83289960191,0.0,10464.799166642877,12458.094246003426,0.0,17934.771808637794,324571.4369203593,689276.4446321584,21663.528725642125,65295.926352019495,413016.43812621944,770988.2859941012,27381639.680264972,48993965.98423434,75869.01109422062,164694.92527301674,1006706.0616545521
50,14.137166941154069,574.4060831399254,1377.758187635419,41.751,-87.625,79th,3.015928947446201,0,24460.19417598976,3772.5957843209076,3.141592653589793,1732.3679337308904,1804.5499309696775,8120.474689363549,4155.220800670675,4328.355000698621,19477.597503143792,73770.2076755225,76843.96632866927,345797.84847901174,11377.88083294693,11851.959200986386,53333.81640443874,17934.771808637794,324571.4369203593,689276.4446321584,21663.528725642125,65295.926352019495,413016.43812621944,770988.2859941012,27381639.680264972,48993965.98423434,75869.01109422062,164694.92527301674,1006706.0616545521
51,14.137166941154069,383.83822882587884,1183.1919908921984,41.735,-87.625,87th,2.796017461694916,0,13365.005821565044,3301.4840675966125,3.141592653589793,1073.2183902632062,1205.8633598462989,5426.385119308346,3308.225467072159,3717.107266373212,16726.982698679454,37368.78965275007,41987.40410421356,188943.31846896102,9231.007102507687,10371.918092705266,46673.631417173696,17934.771808637794,324571.4369203593,689276.4446321584,21663.528725642125,65295.926352019495,413016.43812621944,770988.2859941012,27381639.680264972,48993965.98423434,75869.01109422062,164694.92527301674,1006706.0616545521
52,204.98892064673402,365.158522501953,1089.8080584986847,41.722,-87.624,95-Dan Ryan,2.9845130209103035,0,13298.16217130417,3070.319537734063,3.141592653589793,1089.8203651034466,1147.1793316878386,74853.45139263147,3252.546340882302,3423.732990402423,223398.57762375814,39688.53815443413,41777.40858361487,2725975.9100808706,9163.408638722614,9645.693303918542,629381.4880806849,17934.771808637794,324571.4369203593,689276.4446321584,21663.528725642125,65295.926352019495,413016.43812621944,770988.2859941012,27381639.680264972,48993965.98423434,75869.01109422062,164694.92527301674,1006706.0616545521
53,7.0685834705770345,2325.750552508886,4240.879557418081,41.944,-87.664,Southport,1.2566370614359172,0,91974.03459513653,8696.474831630318,3.141592653589793,2922.624339937727,7306.560849844318,16439.761912149715,5329.246424937511,13323.116062343777,29977.0111402735,115577.98056203776,288944.9514050944,650126.1406614624,10928.312577271336,27320.781443178337,61471.758247151265,17934.771808637794,324571.4369203593,689276.4446321584,21663.528725642125,65295.926352019495,413016.43812621944,770988.2859941012,27381639.680264972,48993965.98423434,75869.01109422062,164694.92527301674,1006706.0616545521
54,7.0685834705770345,2061.9126971212195,3846.2382473380717,41.944,-87.671,Paulina,0.8482300164692441,0,80282.4301985793,8359.960606024977,3.141592653589793,1748.9762410372755,6477.68978161954,14574.802008643963,3262.494731884209,12083.313821793368,27187.456099035076,68097.96708953186,252214.6929241921,567483.0590794322,7091.1695225307985,26263.590824188144,59093.079354423324,17934.771808637794,324571.4369203593,689276.4446321584,21663.528725642125,65295.926352019495,413016.43812621944,770988.2859941012,27381639.680264972,48993965.98423434,75869.01109422062,164694.92527301674,1006706.0616545521
55,7.0685834705770345,1883.668554774128,3863.3607768155684,41.947,-87.675,Addison Br,1.4451326206513047,0,72910.21496076653,8496.226357072002,3.141592653589793,2722.1508749991913,5917.7192934765035,13314.868410322133,5583.068683920943,12137.105834610746,27308.488127874178,105364.9300185025,229054.19569239678,515371.94030789274,12278.17386104215,26691.682306613373,60056.28518988009,17934.771808637794,324571.4369203593,689276.4446321584,21663.528725642125,65295.926352019495,413016.43812621944,770988.2859941012,27381639.680264972,48993965.98423434,75869.01109422062,164694.92527301674,1006706.0616545521
56,0.0,1897.9895937322092,4010.7018050446245,41.955,-87.675,Irving Park Br,1.4451326206513047,0,76427.3799409034,8571.251728719464,3.141592653589793,2742.8466755591326,5962.710164258984,0.0,5795.996010175056,12599.991326467514,0.0,110447.69986351067,240103.69535545804,0.0,12386.595472986384,26927.381463013884,0.0,17934.771808637794,324571.4369203593,689276.4446321584,21663.528725642125,65295.926352019495,413016.43812621944,770988.2859941012,27381639.680264972,48993965.98423434,75869.01109422062,164694.92527301674,1006706.0616545521
57,7.0685834705770345,1742.2277628819013,3833.909411386092,41.962,-87.675,Montrose Br,1.0681415022205298,0,69273.19842119978,8406.701987715986,3.141592653589793,1860.945779854987,5473.369940749961,12315.082366687413,4095.1577580553676,12044.581641339315,27100.308693013456,73993.57822524116,217628.17125070927,489663.3853140959,8979.547289879267,26410.43320552725,59423.47471243631,17934.771808637794,324571.4369203593,689276.4446321584,21663.528725642125,65295.926352019495,413016.43812621944,770988.2859941012,27381639.680264972,48993965.98423434,75869.01109422062,164694.92527301674,1006706.0616545521
58,7.0685834705770345,1703.7832255885246,3752.4270038602426,41.966,-87.679,Damen Br,1.1623892818282235,0,66576.91699561205,8376.415782588892,3.141592653589793,1980.4593599828193,5352.59286481843,12043.333945841468,4361.78093012994,11788.597108459297,26524.343494033415,77388.29473286674,209157.55333207225,470604.49499716255,9736.6559258181,26315.286285994862,59209.39414348844,17934.771808637794,324571.4369203593,689276.4446321584,21663.528725642125,65295.926352019495,413016.43812621944,770988.2859941012,27381639.680264972,48993965.98423434,75869.01109422062,164694.92527301674,1006706.0616545521
59,0.0,1499.947650432933,3260.0396384613764,41.966,-87.689,Western Br,1.1623892818282235,0,55918.21839367771,7991.107249187255,3.141592653589793,1743.5230721666683,4712.224519369373,0.0,3789.4351340826606,10241.716578601785,0.0,64998.73771974079,175672.26410740754,0.0,9288.777416395083,25104.80382809482,0.0,17934.771808637794,324571.4369203593,689276.4446321584,21663.528725642125,65295.926352019495,413016.43812621944,770988.2859941012,27381639.680264972,48993965.98423434,75869.01109422062,164694.92527301674,1006706.0616545521
60,14.137166941154069,1433.9468211316475,3154.1126149059337,41.966,-87.694,Rockwell,1.1938052083641213,0,53270.844724395414,7891.708709966334,3.141592653589793,1711.8531835841359,4504.876798905621,20271.945595075296,3765.3960674416817,9908.937019583373,44590.21658812518,63595.01188593962,167355.2944366832,753098.8249650745,9421.16296085031,24792.53410750082,111566.40348375369,17934.771808637794,324571.4369203593,689276.4446321584,21663.528725642125,65295.926352019495,413016.43812621944,770988.2859941012,27381639.680264972,48993965.98423434,75869.01109422062,164694.92527301674,1006706.0616545521
61,7.0685834705770345,1382.780545665487,2995.19449347132,41.966,-87.702,Francisco,1.1309733552923256,0,50345.613904366255,7707.966659576556,3.141592653589793,1563.8879533642485,4344.133203789579,9774.299708526552,3387.4851660343566,9409.6810167621,21171.782287714726,56939.54788167306,158165.41078242517,355872.17426045664,8717.504915462676,24215.291431840764,54484.40572164172,17934.771808637794,324571.4369203593,689276.4446321584,21663.528725642125,65295.926352019495,413016.43812621944,770988.2859941012,27381639.680264972,48993965.98423434,75869.01109422062,164694.92527301674,1006706.0616545521
62,0.0,1220.1462315340248,2586.385078144428,41.966,-87.709,Kedzie Br,1.1938052083641213,0,44781.92259069601,6952.056616938397,3.141592653589793,1456.6169261711739,3833.202437292563,0.0,3087.639977124063,8125.368360852798,0.0,53460.892429331805,140686.55902455738,0.0,8299.40139814331,21840.52999511398,0.0,17934.771808637794,324571.4369203593,689276.4446321584,21663.528725642125,65295.926352019495,413016.43812621944,770988.2859941012,27381639.680264972,48993965.98423434,75869.01109422062,164694.92527301674,1006706.0616545521
63,14.137166941154069,1239.7699970274834,2529.0781007257556,41.967,-87.713,Kimball,1.853539665617978,1,44543.96686703462,6889.957963680543,3.141592653589793,2297.962865733523,3894.8523148025815,17526.83541661162,4687.746577140968,7945.33318159486,35753.99931717687,82564.00945202164,139938.9990712231,629725.495820504,12770.810380122357,21645.441322241284,97404.48595008579,17934.771808637794,324571.4369203593,689276.4446321584,21663.528725642125,65295.926352019495,413016.43812621944,770988.2859941012,27381639.680264972,48993965.98423434,75869.01109422062,164694.92527301674,1006706.0616545521
64,424.11500823462205,1636.7651709436088,270.49255247689547,41.978,-87.904,OHare',3.141592653589793,0,91115.88287530506,801.4277420157935,3.141592653589793,5142.049436688083,5142.049436688083,694176.6739528913,849.7774157121664,849.7774157121664,114719.95112114245,286248.9882664064,286248.9882664064,38643613.415964864,2517.759506699873,2517.759506699873,339897.5334044828,17934.771808637794,324571.4369203593,689276.4446321584,21663.528725642125,65295.926352019495,413016.43812621944,770988.2859941012,27381639.680264972,48993965.98423434,75869.01109422062,164694.92527301674,1006706.0616545521
65,70.68583470577035,1299.7742957920768,586.5693482478364,41.984,-87.86,Rosemont,3.141592653589793,1,69314.15403459479,1538.4762335055107,3.141592653589793,4083.361378985235,4083.361378985235,91875.6310271678,1842.7619552763558,1842.7619552763558,41462.143993718004,217756.8371048743,217756.8371048743,4899528.834859672,4833.265632903407,4833.265632903407,108748.47674032667,17934.771808637794,324571.4369203593,689276.4446321584,21663.528725642125,65295.926352019495,413016.43812621944,770988.2859941012,27381639.680264972,48993965.98423434,75869.01109422062,164694.92527301674,1006706.0616545521
66,42.41150082346221,1352.3931671634223,834.0154246753489,41.984,-87.838,Cumberland,3.078760800517997,1,74998.15949369599,2094.3645958239435,3.141592653589793,4163.695069951127,4248.66843872564,57357.02392279615,2567.7339965178344,2620.1367311406475,35371.84587039874,230901.3935601879,235613.66689815093,3180784.5031250375,6448.047619615476,6579.640428179057,88825.14578041728,17934.771808637794,324571.4369203593,689276.4446321584,21663.528725642125,65295.926352019495,413016.43812621944,770988.2859941012,27381639.680264972,48993965.98423434,75869.01109422062,164694.92527301674,1006706.0616545521
67,63.61725123519331,1456.3525771723369,1232.9434637500804,41.982,-87.807,Harlem N,3.141592653589793,1,81966.31038655563,3173.618611879956,3.141592653589793,4575.266557481175,4575.266557481175,92649.14778899381,3873.406128008806,3873.406128008806,78436.47409217831,257504.75855226393,257504.75855226393,5214471.360683344,9970.216916377907,9970.216916377907,201896.8925566526,17934.771808637794,324571.4369203593,689276.4446321584,21663.528725642125,65295.926352019495,413016.43812621944,770988.2859941012,27381639.680264972,48993965.98423434,75869.01109422062,164694.92527301674,1006706.0616545521
68,42.41150082346221,916.1688796913942,1596.304519937363,41.971,-87.763,Jefferson Park,3.1101767270538954,0,35287.878404304494,4259.216354277845,3.141592653589793,2849.4471276672143,2878.2294218860748,38856.09719546202,4964.789167200127,5014.938552727401,67701.67046181993,109751.5381601756,110860.13955573291,1496611.8840023945,13246.915580562294,13380.722808648781,180639.75791675856,17934.771808637794,324571.4369203593,689276.4446321584,21663.528725642125,65295.926352019495,413016.43812621944,770988.2859941012,27381639.680264972,48993965.98423434,75869.01109422062,164694.92527301674,1006706.0616545521
69,21.205750411731106,1053.9231818074516,2100.0415919561347,41.961,-87.744,Montrose Bl,2.9216811678385075,0,36700.49021417472,5769.035440340161,3.141592653589793,3079.2275126352706,3310.9973254142697,22349.231946546322,6135.651970895838,6597.475237522407,44532.95785327625,107227.13110919572,115297.9904399954,778261.4354699691,16855.28220263478,18123.959357671807,122336.7256642847,17934.771808637794,324571.4369203593,689276.4446321584,21663.528725642125,65295.926352019495,413016.43812621944,770988.2859941012,27381639.680264972,48993965.98423434,75869.01109422062,164694.92527301674,1006706.0616545521
70,7.0685834705770345,1246.3520922274067,2401.5738064871125,41.953,-87.729,Irving Park Bl,2.261946710584651,0,45030.89734731943,6539.9878177950295,3.141592653589793,2819.1820152440805,3915.530576727889,8809.94379763775,5432.231971809783,7544.766627513588,16975.724911905574,101857.49012944427,141468.73629089483,318304.6566545133,14793.103931725158,20545.97768295161,46228.44978664112,17934.771808637794,324571.4369203593,689276.4446321584,21663.528725642125,65295.926352019495,413016.43812621944,770988.2859941012,27381639.680264972,48993965.98423434,75869.01109422062,164694.92527301674,1006706.0616545521
71,7.0685834705770345,1333.3266095818378,2534.801814839987,41.947,-87.719,Addison Bl,2.0734511513692637,0,48543.817804667844,6960.518737969451,3.141592653589793,2764.5875937887386,4188.769081498088,9424.730433370698,5255.78774147287,7963.314759807378,17917.4582095666,100653.2349189483,152504.9013923459,343136.02813277824,14432.295591370092,21867.114532378924,49201.00769785258,17934.771808637794,324571.4369203593,689276.4446321584,21663.528725642125,65295.926352019495,413016.43812621944,770988.2859941012,27381639.680264972,48993965.98423434,75869.01109422062,164694.92527301674,1006706.0616545521
72,0.0,1466.2996288661623,2669.509960555097,41.939,-87.712,Belmont B,1.9477874452256716,0,53768.809733293296,7294.840574509618,3.141592653589793,2856.0400080445725,4606.5161420073755,0.0,5199.637986074096,8386.512880764672,0.0,104730.21254323657,168919.69765038157,0.0,14208.79888595266,22917.417557988163,0.0,17934.771808637794,324571.4369203593,689276.4446321584,21663.528725642125,65295.926352019495,413016.43812621944,770988.2859941012,27381639.680264972,48993965.98423434,75869.01109422062,164694.92527301674,1006706.0616545521
73,7.0685834705770345,1507.7162466998454,2784.118033601699,41.93,-87.708,Logan Square,2.0734511513692637,0,50803.93587420547,7570.217035101072,3.141592653589793,3126.1759876579395,4736.630284330211,10657.418139742975,5772.732742319374,8746.56476108996,19679.770712452406,105339.47933246157,159605.27171585083,359111.8613606644,15696.475227545532,23782.53822355383,53510.711002996126,17934.771808637794,324571.4369203593,689276.4446321584,21663.528725642125,65295.926352019495,413016.43812621944,770988.2859941012,27381639.680264972,48993965.98423434,75869.01109422062,164694.92527301674,1006706.0616545521
74,0.0,1870.436657983813,3246.6909217339526,41.922,-87.697,California B,1.7592918860102842,0,59627.280481917805,8160.808240184177,3.141592653589793,3290.644035687115,5876.150063726991,0.0,5711.876994989793,10199.78034819606,0.0,104901.79073669738,187324.62631553103,0.0,14357.243720241888,25637.935214717658,0.0,17934.771808637794,324571.4369203593,689276.4446321584,21663.528725642125,65295.926352019495,413016.43812621944,770988.2859941012,27381639.680264972,48993965.98423434,75869.01109422062,164694.92527301674,1006706.0616545521
75,0.0,2320.2200974369016,3260.0745481754698,41.916,-87.687,Western BN,2.0106192982974678,0,85799.30246889465,7729.299239815745,3.141592653589793,4665.079304204265,7289.186412819164,0.0,6554.768800449997,10241.82625070312,0.0,172509.73332442113,269546.458319408,0.0,15540.678213889483,24282.309709202316,0.0,17934.771808637794,324571.4369203593,689276.4446321584,21663.528725642125,65295.926352019495,413016.43812621944,770988.2859941012,27381639.680264972,48993965.98423434,75869.01109422062,164694.92527301674,1006706.0616545521
76,0.0,2866.6339344188787,3417.0337164497664,41.91,-87.678,Damen Bl,1.790707812546182,0,110546.77298796791,7666.281418768429,3.141592653589793,5133.3037820738855,9005.796108901553,0.0,6118.908971780312,10734.928020667214,0.0,197956.97004132337,347292.9298970586,0.0,13728.070029766253,24084.333385554834,0.0,17934.771808637794,324571.4369203593,689276.4446321584,21663.528725642125,65295.926352019495,413016.43812621944,770988.2859941012,27381639.680264972,48993965.98423434,75869.01109422062,164694.92527301674,1006706.0616545521
77,0.0,3159.043246399946,2820.1985062267463,41.904,-87.668,Division,1.9792033717615698,0,145661.05368130468,6186.016702914159,3.141592653589793,6252.389044815389,9924.42705526252,0.0,5581.746392560919,8859.914908826855,0.0,288292.84858038125,457607.69615933526,0.0,12243.385116181093,19433.944628858877,0.0,17934.771808637794,324571.4369203593,689276.4446321584,21663.528725642125,65295.926352019495,413016.43812621944,770988.2859941012,27381639.680264972,48993965.98423434,75869.01109422062,164694.92527301674,1006706.0616545521
78,0.0,5971.044457150361,3211.6669986561396,41.896,-87.655,Chicago B,1.9163715186897738,0,386871.52626986,6103.658734086396,3.141592653589793,11442.739534513394,18758.58940084163,0.0,6154.747163740494,10089.749448754908,0.0,741389.5743356023,1215392.7448124627,0.0,11696.87775780525,19175.209439025,0.0,17934.771808637794,324571.4369203593,689276.4446321584,21663.528725642125,65295.926352019495,413016.43812621944,770988.2859941012,27381639.680264972,48993965.98423434,75869.01109422062,164694.92527301674,1006706.0616545521
79,7.0685834705770345,16936.400894111102,3460.2344172092317,41.891,-87.648,Grand B,0.9424777960769378,0,1445596.792418014,5843.566633804317,3.141592653589793,15962.181788157312,53207.27262719104,119716.36341117985,3261.194107440924,10870.647024803082,24458.955805806934,1362442.8789340204,4541476.263113402,10218321.592005154,5507.431802256623,18358.106007522078,41305.73851692468,17934.771808637794,324571.4369203593,689276.4446321584,21663.528725642125,65295.926352019495,413016.43812621944,770988.2859941012,27381639.680264972,48993965.98423434,75869.01109422062,164694.92527301674,1006706.0616545521
80,0.0,28075.372606374323,2632.6852006510626,41.875,-87.631,LaSalle,0.34557519189487723,0,2529616.7861835565,5321.319495073752,3.141592653589793,9702.152275967986,88201.3843269817,0.0,909.7906934137943,8270.82448557995,0.0,874172.8063058852,7947025.511871683,0.0,1838.9160056440628,16717.418233127846,0.0,17934.771808637794,324571.4369203593,689276.4446321584,21663.528725642125,65295.926352019495,413016.43812621944,770988.2859941012,27381639.680264972,48993965.98423434,75869.01109422062,164694.92527301674,1006706.0616545521
81,0.0,19467.699857506293,2344.79475120711,41.875,-87.641,Clinton B,1.2252211349000193,0,1712579.6188641763,4867.687578919271,3.141592653589793,23852.237313306803,61159.582854632834,0.0,2872.8920861815836,7366.389964568164,0.0,2098288.7442314085,5380227.549311304,0.0,5963.993699782196,15292.291537903067,0.0,17934.771808637794,324571.4369203593,689276.4446321584,21663.528725642125,65295.926352019495,413016.43812621944,770988.2859941012,27381639.680264972,48993965.98423434,75869.01109422062,164694.92527301674,1006706.0616545521
82,0.0,8741.169738845667,2145.480768175593,41.875,-87.649,UIC Halstead,0.9738937226128358,0,659264.1448193782,4363.746902207654,3.141592653589793,8512.970336955077,27461.194635338958,0.0,2089.4702521127747,6740.226619718628,0.0,642053.2121833119,2071139.394139716,0.0,4249.825715131243,13709.115210100783,0.0,17934.771808637794,324571.4369203593,689276.4446321584,21663.528725642125,65295.926352019495,413016.43812621944,770988.2859941012,27381639.680264972,48993965.98423434,75869.01109422062,164694.92527301674,1006706.0616545521
83,0.0,5044.241861629028,1945.9986175849303,41.876,-87.657,Racine,1.4451326206513047,0,325811.9318743949,4266.457523802123,3.141592653589793,7289.598460694972,15846.953175423856,0.0,2812.2260820143265,6113.534960900711,0.0,470841.45094910864,1023568.3716284971,0.0,6165.596942269639,13403.47161362965,0.0,17934.771808637794,324571.4369203593,689276.4446321584,21663.528725642125,65295.926352019495,413016.43812621944,770988.2859941012,27381639.680264972,48993965.98423434,75869.01109422062,164694.92527301674,1006706.0616545521
84,0.0,3070.6627666983454,1820.864025116775,41.876,-87.673,Illinois Medical District,1.5707963267948966,0,176092.47057753,4846.985834215623,3.141592653589793,4823.385794755615,9646.77158951123,0.0,2860.2065222464007,5720.413044492801,0.0,276605.4059594225,553210.811918845,0.0,7613.627544412798,15227.255088825596,0.0,17934.771808637794,324571.4369203593,689276.4446321584,21663.528725642125,65295.926352019495,413016.43812621944,770988.2859941012,27381639.680264972,48993965.98423434,75869.01109422062,164694.92527301674,1006706.0616545521
85,0.0,2785.361507056026,1498.1452835852908,41.875,-87.688,Western BS,2.2305307840487534,0,169338.05349715258,4199.272099123065,3.141592653589793,6212.834586192895,8750.471248159005,0.0,3341.659174014441,4706.562216921747,0.0,377713.74123629346,531991.18483985,0.0,9366.605687691026,13192.402377029612,0.0,17934.771808637794,324571.4369203593,689276.4446321584,21663.528725642125,65295.926352019495,413016.43812621944,770988.2859941012,27381639.680264972,48993965.98423434,75869.01109422062,164694.92527301674,1006706.0616545521
86,0.0,1771.2874059456337,1493.1255280061753,41.874,-87.706,Kedzie-Homan,2.1048670779051615,0,100485.0760913747,4710.570517491291,3.141592653589793,3728.3245462829996,5564.663501914924,0.0,3142.8307670799595,4690.792189671582,0.0,211507.7284855297,315683.17684407416,0.0,9915.124800418098,14798.693731967309,0.0,17934.771808637794,324571.4369203593,689276.4446321584,21663.528725642125,65295.926352019495,413016.43812621944,770988.2859941012,27381639.680264972,48993965.98423434,75869.01109422062,164694.92527301674,1006706.0616545521
87,0.0,993.9750116198251,1490.6382375542628,41.874,-87.728,Pulaski B,2.261946710584651,0,46080.84369700763,4919.051449866777,3.141592653589793,2248.3185079368036,3122.664594356672,0.0,3371.7442581075666,4682.978136260509,0.0,104232.41282141185,144767.2400297387,0.0,11126.632246222816,15453.655897531688,0.0,17934.771808637794,324571.4369203593,689276.4446321584,21663.528725642125,65295.926352019495,413016.43812621944,770988.2859941012,27381639.680264972,48993965.98423434,75869.01109422062,164694.92527301674,1006706.0616545521
88,7.0685834705770345,771.7330758727553,1575.488443367706,41.872,-87.745,Cicero B,2.670353755551324,0,27631.56266937812,5306.223881897256,3.141592653589793,2060.8003174399873,2424.4709616941027,5455.05966381173,4207.111481574663,4949.542919499604,11136.471568874109,73786.04714592564,86807.11428932428,195316.00715097963,14169.494870820465,16669.993965671136,37507.486422760056,17934.771808637794,324571.4369203593,689276.4446321584,21663.528725642125,65295.926352019495,413016.43812621944,770988.2859941012,27381639.680264972,48993965.98423434,75869.01109422062,164694.92527301674,1006706.0616545521
89,7.0685834705770345,822.3795905533163,1527.6019236500792,41.871,-87.777,Austin B,2.4818581963359367,0,29324.553775759843,4579.411029585303,3.141592653589793,2041.0295273141398,2583.5816801444807,5813.058780325082,3791.291354949493,4799.102980948725,10797.981707134632,72779.3841422635,92125.80271172595,207283.05610138338,11365.448798167476,14386.64404831326,32369.949108704834,17934.771808637794,324571.4369203593,689276.4446321584,21663.528725642125,65295.926352019495,413016.43812621944,770988.2859941012,27381639.680264972,48993965.98423434,75869.01109422062,164694.92527301674,1006706.0616545521
90,0.0,827.7146802768752,1509.2086433087939,41.872,-87.792,Oak Park B,2.3876104167282426,0,31089.67902296078,4117.544785703222,3.141592653589793,1976.2601927079543,2600.342358826256,0.0,3603.402277780375,4741.318786553125,0.0,74230.04148795869,97671.10722099828,0.0,9831.092821690072,12935.648449592201,0.0,17934.771808637794,324571.4369203593,689276.4446321584,21663.528725642125,65295.926352019495,413016.43812621944,770988.2859941012,27381639.680264972,48993965.98423434,75869.01109422062,164694.92527301674,1006706.0616545521
91,14.137166941154069,972.1792492599426,1249.0008716615826,41.873,-87.807,Harlem S,1.790707812546182,0,36391.1177394609,3163.9563170127185,3.141592653589793,1740.8889768450613,3054.191187447476,13743.860343513641,2236.595618761387,3923.8519627392757,17657.33383232674,65165.85884334058,114326.06814621155,514467.30665795197,5665.721295429519,9939.861921806176,44729.378648127786,17934.771808637794,324571.4369203593,689276.4446321584,21663.528725642125,65295.926352019495,413016.43812621944,770988.2859941012,27381639.680264972,48993965.98423434,75869.01109422062,164694.92527301674,1006706.0616545521
92,169.64600329384885,970.316606423427,1020.9828533023268,41.874,-87.817,Forest Park,2.4818581963359367,1,37863.224982754924,2465.972129738243,3.141592653589793,2408.1882226928533,3048.339522396017,164610.33420938492,2533.9346627868313,3207.512231375735,173205.66049428974,93971.15526316191,118950.82944704039,6423344.790140182,6120.193142126845,7747.07992674284,418342.3160441134,17934.771808637794,324571.4369203593,689276.4446321584,21663.528725642125,65295.926352019495,413016.43812621944,770988.2859941012,27381639.680264972,48993965.98423434,75869.01109422062,164694.92527301674,1006706.0616545521
93,28.274333882308138,1409.4726436545964,1367.8282204581317,41.887,-87.804,Harlem/Lake,2.261946710584651,0,47569.60593254469,3373.751557439684,3.141592653589793,3188.1520099735662,4427.9889027410645,39851.90012466958,3093.954543910128,4297.159088764067,38674.4317988766,107599.91366292757,149444.32453184383,1344998.9207865945,7631.246237680537,10598.953107889634,95390.5779710067,17934.771808637794,324571.4369203593,689276.4446321584,21663.528725642125,65295.926352019495,413016.43812621944,770988.2859941012,27381639.680264972,48993965.98423434,75869.01109422062,164694.92527301674,1006706.0616545521
94,0.0,1433.3328676759547,1568.9881695248228,41.887,-87.794,Oak Park G,1.4451326206513047,0,46533.964797081244,3822.595120481282,3.141592653589793,2071.356083330202,4502.948007239571,0.0,2267.3959851963004,4929.12170694848,0.0,67247.75049650157,146190.76194891648,0.0,5524.156904150004,12009.036748152184,0.0,17934.771808637794,324571.4369203593,689276.4446321584,21663.528725642125,65295.926352019495,413016.43812621944,770988.2859941012,27381639.680264972,48993965.98423434,75869.01109422062,164694.92527301674,1006706.0616545521
95,7.0685834705770345,1186.6031860403439,1820.5404739506255,41.887,-87.784,Ridgeland,1.4451326206513047,0,40320.32953225995,4960.490626822264,3.141592653589793,1714.7989719156697,3727.8238519905867,8387.603666978821,2630.9224261220356,5719.396578526165,12868.64230168387,58268.223482479014,126670.05104886745,285007.6148599517,7168.5668192558915,15583.840911425852,35063.64205070817,17934.771808637794,324571.4369203593,689276.4446321584,21663.528725642125,65295.926352019495,413016.43812621944,770988.2859941012,27381639.680264972,48993965.98423434,75869.01109422062,164694.92527301674,1006706.0616545521
96,7.0685834705770345,896.6375214049526,1726.520952251657,41.887,-87.774,Austin G,1.6336281798666925,0,31244.586580558964,5287.7717160359625,3.141592653589793,1464.7723220929554,2816.86985017876,6337.95716290221,2820.493280728583,5424.02553986266,12204.057464690984,51042.037106285825,98157.76366593428,220854.96824835212,8638.252884018406,16612.024776958475,37377.05574815656,17934.771808637794,324571.4369203593,689276.4446321584,21663.528725642125,65295.926352019495,413016.43812621944,770988.2859941012,27381639.680264972,48993965.98423434,75869.01109422062,164694.92527301674,1006706.0616545521
97,0.0,896.0647021114861,1856.9795018526227,41.887,-87.766,Central,1.5707963267948966,0,30961.11660490485,5642.918677695798,3.141592653589793,1407.5351426472855,2815.070285294571,0.0,2916.9365804435165,5833.873160887033,0.0,48633.60823645302,97267.21647290605,0.0,8863.875931326873,17727.751862653746,0.0,17934.771808637794,324571.4369203593,689276.4446321584,21663.528725642125,65295.926352019495,413016.43812621944,770988.2859941012,27381639.680264972,48993965.98423434,75869.01109422062,164694.92527301674,1006706.0616545521
98,0.0,851.8132115031902,1797.8982840151502,41.887,-87.755,Laramie,1.7592918860102842,0,29421.454230241292,5608.928163064999,3.141592653589793,1498.5880713939246,2676.0501274891512,0.0,3163.027862939667,5648.2640409636915,0.0,51760.92570188646,92430.22446765438,0.0,9867.741806494822,17620.967511597893,0.0,17934.771808637794,324571.4369203593,689276.4446321584,21663.528725642125,65295.926352019495,413016.43812621944,770988.2859941012,27381639.680264972,48993965.98423434,75869.01109422062,164694.92527301674,1006706.0616545521
99,7.0685834705770345,774.7828208452954,1743.6046687025519,41.887,-87.745,Cicero G,2.199114857512855,0,26732.05245493405,5395.214090124462,3.141592653589793,1703.83641266661,2434.052018095157,5476.6170407141035,3834.3869325725614,5477.695617960802,12324.815140411805,58786.853725458466,83981.21960779782,188957.74411754508,11864.695465055405,16949.56495007915,38136.521137678086,17934.771808637794,324571.4369203593,689276.4446321584,21663.528725642125,65295.926352019495,413016.43812621944,770988.2859941012,27381639.680264972,48993965.98423434,75869.01109422062,164694.92527301674,1006706.0616545521
100,14.137166941154069,1029.5171049551993,1613.3423244671058,41.885,-87.726,Pulaski G,1.6336281798666925,0,46639.24932906006,4928.715943947081,3.141592653589793,1681.8481543095888,3234.3233736722864,14554.455181525287,2635.601485021097,5068.46439427134,22808.08977422103,76191.19199178125,146521.52306111777,659346.85377503,8051.689256590216,15484.01780113503,69678.08010510764,17934.771808637794,324571.4369203593,689276.4446321584,21663.528725642125,65295.926352019495,413016.43812621944,770988.2859941012,27381639.680264972,48993965.98423434,75869.01109422062,164694.92527301674,1006706.0616545521
101,0.0,1323.0170568367769,1693.376521340895,41.885,-87.717,Conservatory-Central Park,1.382300767579509,0,64456.79491589429,5148.683938395794,3.141592653589793,1828.8074931862595,4156.380666332408,0.0,2340.755665250638,5319.8992392059945,0.0,89098.67708795566,202496.99338171742,0.0,7117.029760068795,16175.067636519989,0.0,17934.771808637794,324571.4369203593,689276.4446321584,21663.528725642125,65295.926352019495,413016.43812621944,770988.2859941012,27381639.680264972,48993965.98423434,75869.01109422062,164694.92527301674,1006706.0616545521
102,0.0,1909.800106381521,1787.8465219226105,41.884,-87.706,Kedzie G,1.2252211349000193,0,102478.54036169838,5201.851259961823,3.141592653589793,2339.927453772945,5999.813984033191,0.0,2190.507344617073,5616.685499018136,0.0,125558.87352485752,321945.82955091674,0.0,6373.41810431152,16342.097703362873,0.0,17934.771808637794,324571.4369203593,689276.4446321584,21663.528725642125,65295.926352019495,413016.43812621944,770988.2859941012,27381639.680264972,48993965.98423434,75869.01109422062,164694.92527301674,1006706.0616545521
103,0.0,2671.9462181236204,1729.140273498634,41.884,-87.696,California G,1.8849555921538756,0,155086.1588635829,4650.78514734816,3.141592653589793,5036.499965786517,8394.166609644197,0.0,3259.3526281497325,5432.254380249555,0.0,292330.52241557493,487217.53735929163,0.0,8766.5234714001,14610.872452333502,0.0,17934.771808637794,324571.4369203593,689276.4446321584,21663.528725642125,65295.926352019495,413016.43812621944,770988.2859941012,27381639.680264972,48993965.98423434,75869.01109422062,164694.92527301674,1006706.0616545521
104,0.0,1913.711560645395,1555.5201356414918,41.85,-87.667,Ashland P-G,1.5079644737231006,0,101769.49562912478,4780.34925992764,3.141592653589793,2885.8090464064467,6012.10218001343,0.0,2345.6691027083084,4886.81063064231,0.0,153464.78391743853,319718.299827997,0.0,7208.596855959397,15017.910116582078,0.0,17934.771808637794,324571.4369203593,689276.4446321584,21663.528725642125,65295.926352019495,413016.43812621944,770988.2859941012,27381639.680264972,48993965.98423434,75869.01109422062,164694.92527301674,1006706.0616545521
105,0.0,16508.855045185464,2741.478998467946,41.886,-87.652,Morgan,0.9738937226128358,0,1439448.1020692093,4825.068200492684,3.141592653589793,16077.870296031368,51864.09772913345,0.0,2669.9091872828567,8612.610281557603,0.0,1401869.4706321636,4522159.582684399,0.0,4699.103631638637,15158.39881173754,0.0,17934.771808637794,324571.4369203593,689276.4446321584,21663.528725642125,65295.926352019495,413016.43812621944,770988.2859941012,27381639.680264972,48993965.98423434,75869.01109422062,164694.92527301674,1006706.0616545521
106,0.0,33378.65658084777,3350.9005793398364,41.886,-87.642,Clinton P-G,0.7225663103256523,0,3054998.2196470937,5460.703536839292,3.141592653589793,24118.292729250225,104862.14230108795,0.0,2421.2478678816765,10527.164642963811,0.0,2207438.7916218373,9597559.963573206,0.0,3945.7204063962067,17155.306114766117,0.0,17934.771808637794,324571.4369203593,689276.4446321584,21663.528725642125,65295.926352019495,413016.43812621944,770988.2859941012,27381639.680264972,48993965.98423434,75869.01109422062,164694.92527301674,1006706.0616545521
107,7.0685834705770345,2773.833385556849,2184.9090539652216,41.853,-87.626,Cermak McCormick,1.6022122533307945,0,149346.8986666033,4932.0778407115795,3.141592653589793,4444.269839037225,8714.2545863475,19607.072819281875,3500.6880586764723,6864.094232698965,15444.21202357267,239285.43104058428,469187.11968742014,1055671.0192966952,7902.235550769379,15494.579511312508,34862.803900453146,17934.771808637794,324571.4369203593,689276.4446321584,21663.528725642125,65295.926352019495,413016.43812621944,770988.2859941012,27381639.680264972,48993965.98423434,75869.01109422062,164694.92527301674,1006706.0616545521
108,0.0,1402.6093083959786,1683.7808233693065,41.832,-87.626,35th-Bronzeville-IIT,1.5393804002589986,0,63824.60985660493,4331.354461230453,3.141592653589793,2159.1492785655987,4406.427099113467,0.0,2591.9791978266694,5289.753464952387,0.0,98250.35346743492,200510.92544374475,0.0,6667.6021641925345,13607.351355494968,0.0,17934.771808637794,324571.4369203593,689276.4446321584,21663.528725642125,65295.926352019495,413016.43812621944,770988.2859941012,27381639.680264972,48993965.98423434,75869.01109422062,164694.92527301674,1006706.0616545521
109,0.0,1279.3655806325128,1652.371254050079,41.822,-87.621,Indiana,1.2566370614359172,0,60760.63754988027,4292.386791323169,3.141592653589793,1607.698203748297,4019.245509370742,0.0,2076.4309570906726,5191.077392726682,0.0,76354.0690216544,190885.172554136,0.0,5393.9723239946925,13484.930809986732,0.0,17934.771808637794,324571.4369203593,689276.4446321584,21663.528725642125,65295.926352019495,413016.43812621944,770988.2859941012,27381639.680264972,48993965.98423434,75869.01109422062,164694.92527301674,1006706.0616545521
110,0.0,909.26213311257,1834.9289602296249,41.816,-87.619,43rd,1.2566370614359172,0,36231.44192658582,4451.190000072058,3.141592653589793,1142.6124950295339,2856.5312375738345,0.0,2305.8397365266187,5764.599341316547,0.0,45529.7727142109,113824.43178552724,0.0,5593.530321583491,13983.825803958727,0.0,17934.771808637794,324571.4369203593,689276.4446321584,21663.528725642125,65295.926352019495,413016.43812621944,770988.2859941012,27381639.680264972,48993965.98423434,75869.01109422062,164694.92527301674,1006706.0616545521
111,0.0,1056.9699159672696,1786.6619148106247,41.809,-87.619,47th G,1.1309733552923256,0,48696.66875871932,4424.637722464726,3.141592653589793,1195.4048123045502,3320.568923068195,0.0,2020.6670205663834,5612.963946017731,0.0,55074.63485760776,152985.0968266882,0.0,5004.147370928925,13900.409363691457,0.0,17934.771808637794,324571.4369203593,689276.4446321584,21663.528725642125,65295.926352019495,413016.43812621944,770988.2859941012,27381639.680264972,48993965.98423434,75869.01109422062,164694.92527301674,1006706.0616545521
112,0.0,980.2713084885336,1726.4393574213746,41.802,-87.619,51st,1.1309733552923256,0,47038.57376740903,4399.845746914525,3.141592653589793,1108.660730858075,3079.6131412724308,0.0,1952.5569127715785,5423.769202143273,0.0,53199.373601892155,147776.03778303377,0.0,4976.108307156589,13822.523075434969,0.0,17934.771808637794,324571.4369203593,689276.4446321584,21663.528725642125,65295.926352019495,413016.43812621944,770988.2859941012,27381639.680264972,48993965.98423434,75869.01109422062,164694.92527301674,1006706.0616545521
113,7.0685834705770345,1042.1478745247714,1700.5369764864859,41.795,-87.618,Garfield G,1.853539665617978,1,52260.23576213848,4376.40279343928,3.141592653589793,1931.6624228711312,3274.0041065612395,7366.509239762789,3152.012738767768,5342.394472487743,12020.387563097422,96866.41991967085,164180.37274520483,369405.83867671085,8111.836170361027,13748.87486501869,30934.968446292052,17934.771808637794,324571.4369203593,689276.4446321584,21663.528725642125,65295.926352019495,413016.43812621944,770988.2859941012,27381639.680264972,48993965.98423434,75869.01109422062,164694.92527301674,1006706.0616545521
114,14.137166941154069,553.3463704303318,1179.7336624294744,41.779,-87.644,Halstead G,2.4818581963359367,0,24909.446244169758,3760.728875123027,3.141592653589793,1373.3272248652604,1738.3888922345068,7822.7500150552805,2927.931659594004,3706.242607081018,16678.09173186458,61821.71332728213,78255.33332567358,352148.9999655311,9333.595782921313,11814.678206229508,53166.051928032786,17934.771808637794,324571.4369203593,689276.4446321584,21663.528725642125,65295.926352019495,413016.43812621944,770988.2859941012,27381639.680264972,48993965.98423434,75869.01109422062,164694.92527301674,1006706.0616545521
115,56.548667764616276,453.69414107760105,1203.5566105559574,41.779,-87.664,Ashland/63rd,2.9530970943744057,1,15963.986994948851,4161.985656055217,3.141592653589793,1339.8028497509554,1425.3221805861226,25655.799250550208,3554.219529547906,3781.0846059020273,68059.5229062365,47143.20360941425,50152.34426533431,902742.1967760175,12290.747747724616,13075.263561409165,235354.74410536498,17934.771808637794,324571.4369203593,689276.4446321584,21663.528725642125,65295.926352019495,413016.43812621944,770988.2859941012,27381639.680264972,48993965.98423434,75869.01109422062,164694.92527301674,1006706.0616545521
116,7.0685834705770345,1092.977210171666,1565.5162187743892,41.78,-87.616,King Drive,1.6336281798666925,0,57811.30145702558,4174.287680795307,3.141592653589793,1785.5183704885142,3433.6891740163733,7725.80064153684,2557.4714110281925,4918.214251977292,11065.982066948909,94442.17117496536,181619.55995185644,408644.009891677,6819.233986217595,13113.911511956912,29506.30090190305,17934.771808637794,324571.4369203593,689276.4446321584,21663.528725642125,65295.926352019495,413016.43812621944,770988.2859941012,27381639.680264972,48993965.98423434,75869.01109422062,164694.92527301674,1006706.0616545521
117,7.0685834705770345,1508.2639334095977,1700.5977357637498,41.78,-87.606,Cottage Grove,2.4504422698000385,0,88124.28527515044,4372.226952053759,3.141592653589793,3695.913696441749,4738.3508928740375,10661.289508966584,4167.216575641729,5342.585353386833,12020.817045120373,215943.47363414575,276850.6072232638,622913.8662523435,10713.889736471518,13735.756072399383,30905.45116289861,17934.771808637794,324571.4369203593,689276.4446321584,21663.528725642125,65295.926352019495,413016.43812621944,770988.2859941012,27381639.680264972,48993965.98423434,75869.01109422062,164694.92527301674,1006706.0616545521
118,7.0685834705770345,806.6217150104623,1377.0345117911713,41.852,-87.757,54th/Cermak,2.324778563656447,1,29123.959903260667,4883.748138763244,3.141592653589793,1875.2168720361224,2534.076854102868,5701.672921731453,3201.300314427236,4326.081505982751,9733.68338846119,67706.75767189029,91495.61847552742,205865.14156993668,11353.63298329386,15342.747274721434,34521.18136812322,17934.771808637794,324571.4369203593,689276.4446321584,21663.528725642125,65295.926352019495,413016.43812621944,770988.2859941012,27381639.680264972,48993965.98423434,75869.01109422062,164694.92527301674,1006706.0616545521
119,7.0685834705770345,833.6834398461599,1383.7192348850836,41.852,-87.745,Cicero P,2.1362830044410597,0,30293.660243072874,5019.648728264911,3.141592653589793,1780.9837636273119,2619.093770040164,5892.960982590369,2956.0158844031907,4347.082182945868,9780.934911628203,64715.8315195884,95170.34046998293,214133.2660574616,10723.390266456508,15769.691568318392,35481.80602871638,17934.771808637794,324571.4369203593,689276.4446321584,21663.528725642125,65295.926352019495,413016.43812621944,770988.2859941012,27381639.680264972,48993965.98423434,75869.01109422062,164694.92527301674,1006706.0616545521
120,7.0685834705770345,830.9747002820603,1473.7168601004832,41.854,-87.733,Kostner,1.7278759594743862,0,30729.283400666318,5329.073036604546,3.141592653589793,1435.8212075488054,2610.5840137251007,5873.814030881477,2546.3999336397023,4629.818061163095,10417.090637616964,53096.390039886646,96538.89098161207,217212.50470862718,9207.977186232161,16741.776702240295,37668.99758004066,17934.771808637794,324571.4369203593,689276.4446321584,21663.528725642125,65295.926352019495,413016.43812621944,770988.2859941012,27381639.680264972,48993965.98423434,75869.01109422062,164694.92527301674,1006706.0616545521
121,7.0685834705770345,915.9177337507309,1583.889796747668,41.854,-87.724,Pulaski P,1.6336281798666925,0,38515.61173509564,5742.436988764278,3.141592653589793,1496.2690202948324,2877.440423643908,6474.240953198794,2587.4870057703183,4975.936549558304,11195.857236506185,62920.18869525652,121000.36287549329,272250.8164698599,9381.006885954157,18040.397857604148,40590.89517960933,17934.771808637794,324571.4369203593,689276.4446321584,21663.528725642125,65295.926352019495,413016.43812621944,770988.2859941012,27381639.680264972,48993965.98423434,75869.01109422062,164694.92527301674,1006706.0616545521
122,0.0,1109.8634708127283,1609.8880904439511,41.854,-87.715,Central Park,1.382300767579509,0,52426.41317048645,5724.0078739669225,3.141592653589793,1534.1651276128923,3486.738926392937,0.0,2225.3495431377837,5057.612598040418,0.0,72469.07116700389,164702.4344704634,0.0,7912.30047781563,17982.501085944616,0.0,17934.771808637794,324571.4369203593,689276.4446321584,21663.528725642125,65295.926352019495,413016.43812621944,770988.2859941012,27381639.680264972,48993965.98423434,75869.01109422062,164694.92527301674,1006706.0616545521
123,7.0685834705770345,1332.209009237824,1576.9004822835757,41.854,-87.706,Kedzie P,1.9477874452256716,0,66227.9725626504,5455.621682572927,3.141592653589793,2594.8599826099644,4185.258036467684,9416.83058205229,3071.4669617622553,4953.978970584283,11146.452683814638,128998.01348028069,208061.31206496886,468137.9521461799,10626.391419216501,17139.340998736294,38563.51724715666,17934.771808637794,324571.4369203593,689276.4446321584,21663.528725642125,65295.926352019495,413016.43812621944,770988.2859941012,27381639.680264972,48993965.98423434,75869.01109422062,164694.92527301674,1006706.0616545521
124,0.0,1531.4671189825444,1530.6021500066909,41.854,-87.695,California P,1.7592918860102842,0,79246.06490108595,5156.804208257203,3.141592653589793,2694.297676117537,4811.245850209887,0.0,2692.775943216667,4808.5284700297625,0.0,139416.95897872487,248958.85531915157,0.0,9072.323801330585,16200.578216661757,0.0,17934.771808637794,324571.4369203593,689276.4446321584,21663.528725642125,65295.926352019495,413016.43812621944,770988.2859941012,27381639.680264972,48993965.98423434,75869.01109422062,164694.92527301674,1006706.0616545521
125,0.0,1977.079927500608,1566.9034422123752,41.854,-87.685,Western P,1.5393804002589986,0,106814.2136734259,5033.260484348865,3.141592653589793,3043.4780901399176,6211.179775795751,0.0,2412.060448040089,4922.572342938957,0.0,164427.70699794855,335566.74897540524,0.0,7748.102539004757,15812.454161234198,0.0,17934.771808637794,324571.4369203593,689276.4446321584,21663.528725642125,65295.926352019495,413016.43812621944,770988.2859941012,27381639.680264972,48993965.98423434,75869.01109422062,164694.92527301674,1006706.0616545521
126,0.0,2165.686443191174,1651.6714751416205,41.8554,-87.676,Damen P,1.2252211349000193,0,118670.93392093405,4956.038741221417,3.141592653589793,2653.4448017642762,6803.704619908402,0.0,2023.6627992550052,5188.8789724487315,0.0,145398.13633825202,372815.7342006462,0.0,6072.243411127767,15569.85490032761,0.0,17934.771808637794,324571.4369203593,689276.4446321584,21663.528725642125,65295.926352019495,413016.43812621944,770988.2859941012,27381639.680264972,48993965.98423434,75869.01109422062,164694.92527301674,1006706.0616545521
127,0.0,2310.648247787498,1673.8914434656613,41.858,-87.669,18th,1.4765485471872029,0,127724.28093084313,4879.573738534122,3.141592653589793,3411.784313331286,7259.1155602793315,0.0,2471.581978998312,5258.685061698536,0.0,188591.1014489666,401257.6626573757,0.0,7204.927514525385,15329.633009628478,0.0,17934.771808637794,324571.4369203593,689276.4446321584,21663.528725642125,65295.926352019495,413016.43812621944,770988.2859941012,27381639.680264972,48993965.98423434,75869.01109422062,164694.92527301674,1006706.0616545521
128,0.0,2956.317027455118,1673.9996253686847,41.872,-87.669,Polk,1.288052987971815,0,170739.16985250846,4554.9893885371075,3.141592653589793,3807.892980605519,9287.543855135413,0.0,2156.200219319833,5259.024925170326,0.0,219921.09789235075,536392.9216886605,0.0,5867.067692085132,14309.92120020764,0.0,17934.771808637794,324571.4369203593,689276.4446321584,21663.528725642125,65295.926352019495,413016.43812621944,770988.2859941012,27381639.680264972,48993965.98423434,75869.01109422062,164694.92527301674,1006706.0616545521
129,0.0,1943.6425097604008,1592.8889180023523,41.847,-87.648,Halstead O,2.827433388230814,1,99135.03392191793,4371.279432228343,3.141592653589793,5495.519726881293,6106.133029868103,0.0,4503.787310502706,5004.208122780784,0.0,280297.7048542251,311441.8942824723,0.0,12359.50141596905,13732.779351076722,0.0,17934.771808637794,324571.4369203593,689276.4446321584,21663.528725642125,65295.926352019495,413016.43812621944,770988.2859941012,27381639.680264972,48993965.98423434,75869.01109422062,164694.92527301674,1006706.0616545521
130,0.0,1522.9984350441055,1440.2962981391993,41.839,-87.665,Ashland O,2.324778563656447,0,73959.7661921351,4547.604805238742,3.141592653589793,3540.634114272852,4784.640694963314,0.0,3348.3699592277458,4524.824269226683,0.0,171940.0790165185,232351.45813043037,0.0,10572.17416720008,14286.721847567675,0.0,17934.771808637794,324571.4369203593,689276.4446321584,21663.528725642125,65295.926352019495,413016.43812621944,770988.2859941012,27381639.680264972,48993965.98423434,75869.01109422062,164694.92527301674,1006706.0616545521
131,0.0,1211.357766930596,1342.9835094109283,41.829,-87.681,35/Archer,2.9845130209103035,1,54818.063876314125,4664.93227271573,3.141592653589793,3615.3130283851924,3805.592661458097,0.0,4008.1517707047306,4219.107127057611,0.0,163605.22541995224,172216.02675784446,0.0,13922.55110958479,14655.316957457673,0.0,17934.771808637794,324571.4369203593,689276.4446321584,21663.528725642125,65295.926352019495,413016.43812621944,770988.2859941012,27381639.680264972,48993965.98423434,75869.01109422062,164694.92527301674,1006706.0616545521
132,0.0,924.5907499821938,1270.4712599882403,41.804,-87.684,Western O,3.015928947446201,1,38285.97694779181,4529.7449326665455,3.141592653589793,2788.5000074122913,2904.687507721137,0.0,3831.6510498969824,3991.3031769760237,0.0,115467.78615810328,120278.94391469091,0.0,13661.388866976778,14230.613403100811,0.0,17934.771808637794,324571.4369203593,689276.4446321584,21663.528725642125,65295.926352019495,413016.43812621944,770988.2859941012,27381639.680264972,48993965.98423434,75869.01109422062,164694.92527301674,1006706.0616545521
133,14.137166941154069,910.5799921517422,1206.368632255852,41.804,-87.704,Kedzie O,2.827433388230814,1,34869.9982323532,4382.987018039307,3.141592653589793,2574.604272464788,2860.6714138497646,12873.021362323942,3410.926949354536,3789.918832616151,17054.63474677268,98592.59724970491,109547.33027744989,492962.9862485245,12392.60383498655,13769.559816651721,61963.01917493275,17934.771808637794,324571.4369203593,689276.4446321584,21663.528725642125,65295.926352019495,413016.43812621944,770988.2859941012,27381639.680264972,48993965.98423434,75869.01109422062,164694.92527301674,1006706.0616545521
134,7.0685834705770345,920.8151197256254,1211.2223563196837,41.8,-87.724,Pulaski O,2.9845130209103035,1,36192.25911340687,4413.179974389126,3.141592653589793,2748.1847146722093,2892.8260154444306,6508.858534749969,3614.9088936537555,3805.1672564776372,8561.626327074684,108016.2685801224,113701.33534749727,255828.00453186885,13171.193097184947,13864.41378651047,31194.931019648557,17934.771808637794,324571.4369203593,689276.4446321584,21663.528725642125,65295.926352019495,413016.43812621944,770988.2859941012,27381639.680264972,48993965.98423434,75869.01109422062,164694.92527301674,1006706.0616545521
135,219.12608758788807,884.4822666294082,1143.7670326170412,41.787,-87.738,Midway,3.015928947446201,1,37589.19110667218,4028.3110875589364,3.141592653589793,2667.535671430461,2778.6829910733973,193813.13862736945,3449.520102804378,3593.250107087894,250629.1949693806,113366.32956969994,118089.9266351041,8236772.382798512,12149.100018287485,12655.312519049465,882708.0482037001,17934.771808637794,324571.4369203593,689276.4446321584,21663.528725642125,65295.926352019495,413016.43812621944,770988.2859941012,27381639.680264972,48993965.98423434,75869.01109422062,164694.92527301674,1006706.0616545521
