,darea,empdensity,housedensity,lat,lon,name,narea,parking,paydensity,popdensity,warea,empnear,empwalk,empdrive,housenear,housewalk,housedrive,paynear,paywalk,paydrive,popnear,popwalk,popdrive,15empnet,30empnet,15housenet,30housenet,15paynet,30paynet,15popnet,30popnet
0,96.27410686925921,1959.9464299166532,1018.4567512934894,42.074,-87.691,Linden,2.2660307810343174,1,114711.49641765586,2824.1120743918977,2.7234466713969914,4441.298939369456,5337.809580672926,188692.09205181894,2307.8543475832594,2773.712649272047,98051.01411574795,259939.78182091602,312410.64308963274,11043746.865246046,6399.524889662718,7691.318628654666,271888.8676607709,22998.720798185084,53963.51266706443,20866.98838583519,89787.87252422994,1238803.8690994952,2390237.040114423,52565.597938386825,191821.72961631167
1,1.9792033717615698,2538.560259222154,1142.4947188621309,42.064,-87.686,Central P,1.4655529728996386,0,151786.64074100414,3150.135321081937,2.6320263251775287,3720.394534787905,6681.5574303222,5024.327024472412,1674.3865317505326,3007.076176421428,2261.2293997917163,222451.36258442802,399506.4342405869,300416.6311429575,4616.69018484779,8291.239092959226,6234.758448990585,22998.720798185084,58858.452721691356,20866.98838583519,96500.05035660608,1238803.8690994952,2576799.320532097,52565.597938386825,205034.17144431203
2,0.6361725123519331,2414.1267765198227,1274.909734274326,42.058,-87.683,Noyes,0.6276902121872406,0,141339.21442230043,3378.661201984118,2.4617520033529616,1515.3237486006267,5942.981428445701,1535.8010965546891,800.2483616262302,3138.511592444014,811.0625286752334,88717.24149111166,347942.0942564319,89916.12313288344,2120.7525667822088,8317.425982635328,2149.4113852522382,24002.897939058017,64747.22090198063,23726.467418452165,107656.89541352502,1276803.2928603583,2816639.2907864684,59294.03576207958,226463.99560697054
3,2.04988920646734,2514.8619499992874,1308.4075113032695,42.054,-87.684,Foster,0.8827875356587319,0,146616.76399572077,3478.8117178123275,2.7570617127904025,2220.088783361784,6933.6295952964465,5155.188367058947,1155.0458425407878,3607.3602541416203,2682.090435081366,129431.45177404024,404231.4664658281,300548.1220019973,3071.0516233882645,9591.298593186977,7131.178591675596,26141.319552751727,73243.31603375419,30029.3899102778,118494.5808786483,1356665.0071047365,3164413.208083955,73655.53532306053,247854.3571262468
4,8.906415172927064,2232.159227199979,1334.5888075578425,42.049,-87.684,Davis,1.2384158240450964,0,126897.56550986513,3487.8421691417607,2.931420105064636,2764.3413087527274,6543.396436319558,19880.53680952304,1652.775897873108,3912.2404624692977,11886.402005251806,157151.95316021625,371990.07481937535,1130202.4028645689,4319.39893403693,10224.330657914406,31064.17041601902,30490.851316110253,83525.56218234744,40440.75877691382,130710.05482722014,1519508.6760298884,3594125.378472837,95283.40521010684,271908.29189155734
5,3.675663404700058,1761.139903153051,1411.485536156876,42.042,-87.682,Dempster,1.5459777448315373,0,93833.66335832057,3558.8094599631454,2.9301634680032,2722.6830958093856,5160.427806261763,6473.357492576673,2182.12522605014,4135.883353661788,5188.145731515269,145064.7552679781,274947.9724414614,344900.9625351237,5501.840223198965,10427.893469168206,13080.98569628691,30490.851316110253,103155.45269740501,40440.75877691382,146030.9547760847,1519508.6760298884,4772450.676059452,95283.40521010684,299509.7794522855
6,6.503096792930871,1329.6467048134632,1999.1072838790606,42.033,-87.68,Main,1.4476458947741766,0,60814.8585348392,4724.908969924844,2.995194435932509,1924.8575937232215,3982.55041201328,8646.821221803533,2893.9994527206763,5987.715013506713,13000.388166518664,88038.38029923226,182152.32590557303,395484.91150045744,6839.995073493385,14152.021057006496,30726.540369208564,35438.28226720104,105122.44112043285,51859.01698430692,150450.63755174258,1720331.0341264254,4851149.752324963,117368.5858903224,308723.40947685647
7,4.0290925782289095,1342.2749091528274,2380.6260983987836,42.028,-87.678,South Boulevard,1.4058627124814325,0,57996.19451078872,5758.867837392864,2.932362582860713,1887.0542446773622,3936.0367195125136,5408.14987441054,3346.8334640990033,6980.858894726279,9591.762944596585,81534.6873285382,170065.87073174873,233672.03686893906,8096.177558699213,16887.08856601083,23203.011662640758,39998.500883005385,122969.03910383773,62281.022530816044,163177.13556073757,1859553.1349841324,5873406.203232498,139131.34973986208,331874.9471995649
8,4.311835917051991,1276.5526224489772,3437.1230828147873,42.019,-87.673,Howard,1.412145897788612,1,47073.220604989525,8214.566853497889,2.7356988827459916,1802.678549102618,3492.2635830001327,5504.28544748241,4853.71926159145,9402.933777516871,14820.310759809265,66474.25537303432,128778.15701632544,202972.0033359057,11600.16688427735,22472.58136335643,35419.86440193696,48888.44267820486,269708.64524159755,80960.60506988878,191267.19766451805,2191383.668043511,18606885.6095908,175133.55579177826,380460.42281713494
9,0.7068583470577035,1374.202542646721,3913.1575469357076,42.016,-87.669,Jarvis,0.7307344512249859,0,52001.68638164193,9207.774195418537,2.308756441123139,1004.177140872932,3172.6989717434126,971.3665378177544,2859.4790326169764,9034.527691617437,2766.048075403352,37999.42376086294,120059.22838288124,36757.8260799405,6728.4378236927505,21258.507982079977,6508.592047854122,30600.449512238993,101776.98254498708,61693.83736936152,144068.69936902018,1219295.9517874753,4635636.7910874095,134092.4599421298,295838.92618764605
10,2.898119222936584,1670.3821851970624,4923.392738646066,42.008,-87.666,Morse,1.2801990063378408,0,62382.26545170668,11218.177400452525,2.280167947975472,2138.4216136937102,3808.7519195555706,4840.966720570424,6302.922491825635,11226.162317955941,14268.579137936558,79861.71424437831,142242.0422050792,180791.2426759239,14361.499560980945,25579.328543214648,32511.615570564223,31411.626022154036,103743.97096801492,68221.51708988132,148488.38214467806,1221495.9222477116,4714335.867352921,145059.08519830016,305052.556212217
11,0.5654866776461628,1975.7928015285881,5118.612652701303,42.001,-87.661,Loyola,0.8089601082993718,0,62923.11257277579,11440.44630858491,1.91134497044403,1598.337558701686,3776.4216338411866,1117.2845070536057,4140.753445871781,9783.43454939181,2894.507263133672,50902.28796140627,120267.77474065851,35582.181875934475,9254.864684785996,21866.639511548736,6469.419973830987,28688.942926344647,133578.6613554139,66039.39186383119,155314.69010209246,1076431.1669797334,7134645.795153797,139557.2449751012,315133.94265011983
12,0.6361725123519331,2491.12100990084,5879.204641130824,41.994,-87.659,Granville,0.5507211921742907,0,75302.0495041345,12345.9140244171,1.961296293636108,1371.9131324230136,4885.826403717556,1584.7827114413021,3237.8025890001904,11530.862272178088,3740.188387179341,41470.43447608441,147689.63059566173,47905.094018294876,6799.15649000828,24213.995417639304,7854.131142194391,27705.23229510217,230253.9920418293,65231.52626611493,179795.9059182876,1023819.4366903979,15284829.32975277,134805.33146172267,360194.18803322996
13,0.8482300164692442,2460.362680093278,5745.23126885718,41.99,-87.659,Thorndale,0.7596371036380121,0,73556.40209930655,12128.561958227074,2.233986535967702,1868.9827802051145,5496.417100925793,2086.953476655835,4364.290840805209,12834.769300647577,4873.277613802343,55876.17224475022,164324.01192407723,62392.748164113145,9213.30567724179,27095.04411532935,10287.8103095752,30520.601636280502,246314.58515743975,70380.30326474848,183800.03476822528,1136015.3916554851,16694786.317371903,144352.38385648286,369552.10568234365
14,1.7671458676442588,2457.3923480302115,5531.355360030084,41.984,-87.659,Bryn Mawr,1.095159199041402,0,76103.93875694962,11459.026398429112,2.5145307599332702,2691.2358355992365,6179.1886483466105,4342.5707330022105,6057.714705703913,13908.763196917414,9774.711766949084,83345.92861295685,191365.6949564276,134486.76088579526,12549.45817229791,28814.07435773736,20249.771147210482,30520.601636280502,283858.56039996725,70380.30326474848,194513.41599859868,1136015.3916554851,19846079.115347438,144352.38385648286,389430.01698646403
15,0.7775441817634738,2363.4085350043774,5284.497037034631,41.977,-87.659,Berwyn,1.0276149569892215,0,82921.40265194955,10493.138654477416,2.842827192233404,2428.673960046482,6718.762049666957,1837.654555522789,5430.4281954220105,15022.911874158903,4108.929924692594,85211.27361966905,235731.2182770973,64475.054175689664,10782.906227102747,29830.179898823833,8158.878909226321,35415.54169090743,532552.209200016,77092.48109712462,210482.74638900868,1322577.6720731594,42617927.42266719,157564.82568448322,419588.8134917747
16,1.0602875205865552,2492.0088180657153,5482.561496845885,41.973,-87.659,Argyle,0.7901105523778329,0,88976.72373349441,10571.89198911385,3.0002209841782523,1968.9624637723327,7476.577148718004,2642.2458509867292,4331.82969271834,16448.896049884752,5813.091535954036,70301.4483378411,266949.83364866104,94340.90979730169,8352.963419197531,31718.01218820534,11209.245145046389,37252.70763671224,638977.0774893117,80354.3023191902,214070.10405580667,1395609.3888890585,52466305.142845534,163672.6669550354,429309.00790956174
17,0.8482300164692442,2232.47727691845,5017.005329491587,41.969,-87.658,Lawrence,0.7511548034733195,0,85364.3694219666,9744.042076295738,3.0310085921834324,1676.93603020233,6766.657808194094,1893.6542373677505,3768.5476522988497,15206.586260719072,4255.5745132609345,64121.85613678117,258740.13718430145,72408.62048068138,7319.284010855682,29534.275255849276,8265.188970853344,47722.93702891235,651316.1373731887,92304.96454429183,214572.65370831336,1835461.916271426,53625325.395458944,186517.78267837805,430101.0655817602
18,1.2016591899980957,2032.3330567505775,4632.162638398207,41.965,-87.658,Wilson,1.3537122744318417,0,82692.15185385534,9140.055413513423,3.129340442240793,2751.1942046568415,6359.862026592435,2442.171694781253,6270.615420764237,14495.613879376322,5566.280803997031,111941.38096374575,258771.89505218645,99367.78421590333,12373.005202260323,28602.345049829448,10983.23158474025,68755.87244670336,934373.032751619,118783.8302824336,235471.95697551657,2780847.2648798903,79852560.67466556,243245.88854106402,467391.1823990277
19,2.04988920646734,2118.6200109982374,4847.207551791139,41.954,-87.655,Sheridan,1.6876635735084369,0,94421.61703424122,9057.506738993956,3.141592653589793,3575.517818667769,6655.841062300389,4342.936293151004,8180.455618392915,15227.951635132009,9936.238441923635,159351.92362045264,296634.2584148411,193553.85361568382,15286.024190207288,28454.996631063455,18566.885301768903,103169.38357843799,1067805.2038551397,147992.0984722833,267777.8499411853,4775862.644794497,91118943.63630703,294361.96205879416,531494.47968705
20,0.9189158511750145,2620.036101150626,5033.082680395999,41.947,-87.654,Addison,1.079451235773453,0,108352.59015163314,9434.663448707619,3.141592653589793,2828.201207158103,8231.086167514852,2407.592703998094,5432.9673191034235,15811.895573642096,4624.979455290313,116961.33733843485,340399.7012177964,99566.91260620546,10184.259118814067,29639.869379551998,8669.661793518959,202514.3349303759,1094395.6585473781,145625.76256213803,287717.75236514496,13877262.034686625,92792982.02286844,277283.78802538343,574474.9268086221
21,1.1309733552923256,2943.053840905774,5382.287751792328,41.94,-87.653,Belmont B-P-R,0.956614963018092,0,117284.34041122705,9980.036654078185,3.141592653589793,2815.3693411783306,9245.876325708803,3328.515477255169,5148.776998633547,16908.9556605371,6087.224037793357,112195.95496508728,368459.6222170354,132645.46399813273,9547.052394760205,31353.209835008885,11287.1555406032,276833.07561111567,1127533.5472965697,166278.325334943,312883.57272434497,20270701.405600768,94607693.02719422,320493.79854088766,639527.6002400094
22,0.5654866776461628,2918.1042071350676,5180.987734269326,41.936,-87.653,Wellington,0.6295751677793946,0,116001.58416904032,9701.528241806956,3.141592653589793,1837.1659458048173,9167.494739544996,1650.1490531180993,3261.8212220655964,16276.553004319343,2929.7795407774815,73031.71681589913,364429.7246302351,65597.35043344232,6107.84127055215,30478.249853054636,5486.084973549835,236467.03156096328,1091697.1557494404,144221.92787533905,282777.43320184894,17036463.620049335,92714364.6881981,274252.8021874831,563679.9996490412
23,1.413716694115407,2905.714314685069,4994.464496074543,41.933,-87.653,Diversey,1.1143229142282998,0,112913.10054603666,9494.853259217434,3.141592653589793,3237.904043054753,9128.570744445313,4107.856835000391,5565.446232275561,15690.572969482831,7060.757836267274,125821.65525501259,354726.9671694744,159627.1352262635,10580.332553981241,29828.961246070594,13423.032560731768,263612.5795812993,1118496.712942197,135427.99225584354,307250.8910610885,19839003.894074466,94077555.62631406,252455.1447018328,624114.0903348635
24,2.6153758841135026,3036.0635457224744,4163.196730064321,41.925,-87.653,Fullerton,1.6122653498222819,0,115714.37694064363,8194.954899611757,3.141592653589793,4894.940054626923,9538.074931073505,7940.447380118692,6712.177832376133,13079.06826261912,10888.324328630417,186562.2804176742,363527.4365114462,302636.59089577897,13212.441828000372,25745.210109119977,21432.88741584238,528126.7122439916,1156684.9448799167,154084.42600903462,353081.0515164151,44073247.92755557,95907795.06640771,285201.4573016902,751655.4728927994
25,2.1205750411731104,4140.238470071647,4374.271438317631,41.918,-87.653,Armitage,1.5167609331531522,0,171411.28198662083,8378.32951443694,3.141592653589793,6279.75196534245,13006.942761686929,8779.686364138677,6634.724028647831,13742.179015426327,9275.97083541277,259989.9360190051,538504.4242315764,363490.4863563141,12707.92289258197,26321.29845190963,17766.876455039,414144.62130245066,1135834.0315487985,130541.35620010643,327651.8420400333,34248075.39558573,94859416.04526871,236656.1039542645,679445.094788726
26,1.9085175370557994,10603.733107113458,5851.547874848697,41.91,-87.639,Sedgwick,1.5852476530014095,0,671367.2286631167,9675.87886943266,3.141592653589793,16809.543021104953,33312.61002993451,20237.410593185214,9276.152535029281,18383.179815753632,11167.78173807033,1064283.3235402664,2109162.3534289864,1281316.1297081092,15338.664268494054,30397.669973234355,18466.584508739874,634423.8759744269,1156130.437987321,117819.262277732,356702.232014001,55277024.34674161,95815096.26560992,206531.88691782524,761694.7716228588
27,0.9189158511750145,26427.2969519064,6757.029257854128,41.897,-87.636,Chicago P-B,0.9691813336324513,0,2204125.5489130523,10029.622107661768,3.141592653589793,25612.84290414946,83023.80195834508,24284.462072815935,6548.786627520557,21227.833476565822,6209.141291895503,2136197.338988911,6924464.632054815,2025405.9048760335,9720.522530133148,31508.987131711987,9216.378736025756,942724.3036451213,1171398.6749966722,120077.13164444709,377585.3972238077,83822721.37343016,96520879.1104764,209045.4524014276,838770.3664799562
28,0.2827433388230814,73460.7419515343,5677.078653477395,41.889,-87.634,Merchandise Mart,0.3996105855366217,0,6804704.898593854,8215.382965229368,3.141592653589793,29355.690105207294,230783.7272421957,20770.535451797612,2268.620724853558,17835.06859161602,1605.1561732454418,2719232.1089310083,21377610.919268932,1923984.9827342038,3282.9539971428953,25809.386769991313,2322.8448092992185,990618.9338173298,1179728.8830283412,133779.8178827715,382445.30358648865,87684595.01042394,96852254.60641095,237400.4539135061,862730.4113813407
29,0.21205750411731106,90092.82962008644,5169.862776453367,41.886,-87.632,Clark-Lake,0.16493361431346415,0,8391595.831565943,7609.740492804279,3.141592653589793,14859.336012967977,283034.9716755805,19104.860588101685,852.6841532250945,16241.602918573228,1096.308197003693,1384056.2303579706,26362975.816342298,1779500.8676031053,1255.1020034657315,23906.704827918693,1613.702575884512,1068834.025673949,1222461.2697663866,189624.7523110879,418296.4319883659,92214282.57066378,98513153.82555002,382716.0665889352,971914.8332861551
30,0.2827433388230814,95403.90380945808,5018.926423198592,41.885,-87.628,State-Lake-Washington,0.1793849405199772,0,8873847.502855847,7513.506267694576,3.141592653589793,17114.023610233264,299720.2033315808,26974.81829984227,900.3198178996213,15767.422380028393,1419.0680142025553,1591834.6064831442,27878014.124048058,2509021.2711643255,1347.8098749268675,23604.376093290146,2124.3938483961133,1070234.8739526472,1229146.9902895228,196749.91458264287,441432.2974859539,92247471.31589036,98612559.39177588,389544.25262057054,1027813.8335156511
31,0.8482300164692442,96347.4406804596,4735.730653071712,41.884,-87.626,Randolph-Wabash,0.8381769199777568,0,8945940.01498648,7342.846299927101,3.141592653589793,80756.20107728725,302684.4118339102,81724.79119515578,3969.3801326358985,14877.736629070085,4016.9888898489235,7498280.448067135,28104499.43053649,7588214.846244853,6154.604295542966,23068.231992289977,6228.422637918295,1035810.4637393301,1215747.5597595614,153654.41725701324,413040.4505175786,90659900.56265353,98150434.04856466,291888.79795783234,961329.2710578141
32,1.1309733552923256,136671.47634606579,1345.0347668684724,41.88,-87.626,Adams-Wabash,0.7935663042967817,0,12631844.963807749,3508.881147902522,3.1214864606068184,108457.87838673244,426618.1629653894,154571.79817586573,1067.3742690944969,4198.507813825385,1521.198483270067,10024206.524378829,39430133.027010314,14286280.082250115,2784.5298447576533,10952.924995056233,3968.451085165302,1022294.7747733081,1193576.4389293904,141829.2445030147,387149.3280999879,90123285.90207571,97434568.79704094,268642.8471555072,903080.0396331239
33,0.21205750411731106,103604.7678384418,3523.2588111359782,41.878,-87.629,Washington Library-Jackson,0.09833185005736052,0,9686133.511590749,5782.918401832291,3.141592653589793,10187.648496317306,325483.9775181248,21970.168482473426,346.44855712989727,11068.643997760297,747.1334698488201,952455.4280973164,30429885.881703403,2054017.2970149799,568.6450651829238,18167.573967505552,1226.311242806625,1046988.5009174526,1192269.5200509704,170497.43541335783,409808.78326241486,91206668.96307442,97470729.30607475,344724.9092048389,953190.4083655981
34,0.0,94188.12343529744,3836.1276424724592,41.877,-87.632,LaSalle-Van Buren,0.13100441365469437,0,8847184.764846172,6046.038069268229,3.141592653589793,12339.059883877118,295900.71663973905,0.0,502.54965250666953,12051.55041982421,0.0,1159020.2526134178,27794250.662192278,0.0,792.0576721984448,18994.188781737284,0.0,1022257.6383386276,1171993.3972605662,142480.43173618373,366805.85396317195,90001510.7393527,96742013.08479872,273582.8893361872,843811.504789675
35,0.2827433388230814,107122.66419584297,3999.866213474742,41.879,-87.634,Quincy-Wells,0.27049112747408116,0,10134431.474816514,6013.037995405743,3.141592653589793,28975.73021636095,336535.7748706266,30288.219738356398,1081.9283218282667,12565.950311594272,1130.9355280434845,2741273.795931934,31838255.469592735,2865442.992263346,1626.4734269217881,18890.515992122975,1700.146439291068,1000416.2210978154,1168723.1503385112,120431.16099101838,363230.5096262072,89010016.59159099,96542928.5291706,224203.5785546872,834958.9285474815
36,0.2827433388230814,115986.22034911379,4132.678234795367,41.883,-87.634,Washington-Wells,0.2905973204570559,0,11029320.171041824,5998.466300272689,3.141592653589793,33705.28484339412,364381.4577664229,32794.331198978056,1200.9452213427292,12983.191582083558,1168.4872423875204,3205090.8881677114,34649631.22343472,3118466.8101091245,1743.1382337111932,18844.737661742627,1696.0263895568364,1013528.9390736694,1169792.5603300354,134420.33655003406,366498.17431039776,89514387.89135633,96553845.35006887,246696.04066340186,841934.2754731835
37,1.6964600329384885,5148.589393744038,4326.668983713245,41.911,-87.649,North-Clybourn,1.4391635946094843,0,220248.6886506059,8059.925030722963,3.141592653589793,7409.6624190689345,16174.770615736596,8734.376132497762,6226.784487286119,13592.631493748348,7340.021006624109,316973.8944664311,691931.6622275292,373643.0976028658,11599.550679498218,25321.00126500375,13673.340683102026,577082.3595585421,1148564.0380681315,132691.2376952731,351970.5366015848,49009841.384421386,95412766.87289664,242946.89398910693,751869.5487068394
38,0.8482300164692442,14714.988162149626,6974.492996891626,41.904,-87.632,Clark-Division,1.048663627768273,0,884429.8724673332,11126.361871332958,2.814552858351096,15431.072868687019,41416.11199238077,12481.694651124912,7313.897127964787,19630.079199951026,5915.974309618013,927469.4385682247,2489274.625564028,750199.9652888576,11667.811003854611,31315.733608008824,9437.714113363525,924668.7629497478,1173938.3329376206,132693.96294062835,390160.79877941444,82033378.83615251,96581190.09884715,233286.43178536894,863795.8631122808
39,0.8482300164692442,32029.264423411852,7328.436117976629,41.897,-87.628,Chicago R,0.9314822217893736,0,2598342.5890313513,10822.950993671684,2.9251369197574566,29834.690387399012,93689.98387759604,27168.183489368414,6826.307957414362,21436.67905277745,6216.199489045121,2420309.927800876,7600507.837353782,2203992.1770868017,10081.38643790281,31658.613532314695,9180.351899607957,996925.6980852712,1186513.5173980086,136146.0951267584,405508.5377431233,88338659.33646989,97120449.51754616,244530.44469300113,922448.0756605125
40,0.7068583470577035,78262.24361733632,6132.164955047844,41.892,-87.628,Grand R,0.7458140959622169,0,7142889.940464773,8989.615942635473,3.141592653589793,58369.08447143847,245868.08960167848,55320.320160377654,4573.455062240197,19264.76437337909,4334.571984010296,5327268.003505348,22440050.562364567,5049011.3765320275,6704.582287304208,28241.711403977286,6354.3850658948895,1004627.7482399329,1193178.5777698427,146981.0535145238,408504.8121985884,88642332.57958066,97341129.20961568,269233.43841889454,933412.8972569786
41,0.0,108815.69682300671,3385.708283000172,41.88,-87.629,Monroe,0.13288936924684824,0,10170080.247031758,5623.847278330352,3.141592653589793,14460.44931496563,341854.5937344121,0.0,449.9246381817224,10636.516269071451,0.0,1351495.549217881,31950249.39049364,0.0,747.3495175579247,17667.83729451359,0.0,1022649.912429386,1199348.6492730721,157310.77870727854,415036.97744429065,89662979.97428417,97684172.13385561,307163.97962648823,957592.4247772436
42,0.3534291735288517,94635.39122660494,3071.0688871812117,41.874,-87.628,Harrison,0.5478937587860598,0,8851348.422255138,5370.478276657132,3.141592653589793,51850.14021333389,297305.84984709806,33446.90810779853,1682.619476088636,9648.047454636677,1085.405338646626,4849598.557394428,27807331.177720346,3128324.7574935392,2942.451529476557,16871.855100209617,1898.083698773582,1002010.0514550065,1175631.2576250134,135535.1879368902,380374.01421026804,88750163.046124,96814103.11926126,260579.28323593232,868811.271151634
43,1.4844025288211773,37707.39311680438,2557.490198190094,41.867,-87.627,Roosevelt,1.8764732919891833,0,3346848.530054419,5363.6907525457245,3.124942212525767,70756.91609422019,117833.42447500555,55972.949697838674,4799.062051427834,7992.009078445115,3796.3449176287495,6280271.878980375,10458708.250496866,4968070.421594219,10064.822443641417,16761.223647564235,7961.876116893637,1014410.9514938227,1174903.854147112,158439.01436324,378541.4826073176,89318707.5074408,96785656.86169153,332693.67238877027,865908.6496397655
44,1.837831702350029,3689.7867998623237,2420.601838751791,41.854,-87.631,Cermak-Chinatown,1.687349414243078,0,215323.3853020854,5171.252825144197,3.141592653589793,6225.959595429534,11591.80710376007,6781.207155699641,4084.4010947335523,7604.544953888572,4448.658798024815,363325.7880623104,676458.3654111159,395728.14376550284,8725.710425409923,16245.969885328474,9503.892382917156,797667.5421063213,1144256.3649468846,88207.28660305416,325759.5884251316,71630471.55267571,95490544.44752674,176715.77843254656,730972.9761566569
45,3.2515483964654357,1348.2159747579904,1825.2522808692788,41.831,-87.631,Sox-35th,1.9669511604125696,0,60393.699095062664,4480.87453202795,3.141592653589793,2651.874976036993,4235.545401752104,4383.789490813428,3590.182091901517,5734.19915652694,5934.896127005382,118791.45651664106,189732.4014001614,196373.03544916704,8813.661360435506,14077.08251147661,14569.78039937829,670551.2042347041,1118188.9688682114,67270.75728303037,282351.7187109866,60703392.96148994,94319427.90262637,141023.6080226343,619486.6165562337
46,4.453207586463532,871.4286750450658,1959.0342571466479,41.81,-87.631,47th R,2.2848803369558564,0,34064.66414757075,4665.160278902139,3.141592653589793,1991.1102446699654,2737.6739236490657,3880.652786772551,4476.158853577299,6154.487630382647,8723.986216067402,77833.68129578953,107017.29863301189,151697.02081229436,10659.332990010997,14656.03326001787,20774.927146075333,255351.68994094775,1085505.5280572583,46183.66729680523,233362.12314229688,22496743.748494007,92882153.80969162,109009.09296389569,496766.2490538913
47,4.311835917051991,946.9953822219462,1742.8654124548564,41.795,-87.631,Garfield R,2.231159102579471,0,45954.993482953956,4493.995711487384,3.141592653589793,2112.897367145221,2975.0737357719245,4083.288702346966,3888.610029569577,5475.373175963921,7514.949684010482,102532.90201847299,144371.86992181497,198150.39146769105,10026.819438638184,14118.303912472802,19377.37211986892,167529.52197539888,1057947.723480076,40207.34276415874,201541.4578306281,14418620.885892097,91625609.61546275,100164.64312946616,421361.5543880836
48,1.3430308594096365,679.5298687337549,1245.0891943775978,41.781,-87.631,63rd,1.7486104709880788,0,33281.154434324606,3833.941296360691,3.141592653589793,1188.2330438169986,2134.806043508801,912.6295836000124,2177.1760026027787,3911.563066120695,1672.193210766597,58195.775130431335,104555.83027386155,44697.61744207581,6704.069895969913,12044.681810941274,5149.101474177395,153069.0726604333,1040683.638093819,39757.41812597701,174511.2451307142,13067125.336674215,90918616.66516852,99417.29361190824,358975.522869949
49,3.322234231171206,749.4414369663806,1380.7959223247722,41.769,-87.626,69th,2.5245838564247576,0,38088.05406355161,3942.1718275540493,3.141592653589793,1892.027753101097,2354.4397126693593,2489.819996147847,3485.935094518253,4337.898325682247,4587.327479408976,96156.48641147578,119657.1508355846,126537.4370086307,9952.343355095436,12384.69805263245,13096.818190658816,91031.28395078208,1005992.19800351,37728.35009275848,151178.72660102032,7265071.351182472,88909376.52803917,95906.19701724876,309335.19284617994
50,9.259844346455916,639.0271252526329,1408.863436573132,41.751,-87.625,79th,3.0646236335768435,0,28884.78500736607,3868.1223661046665,3.141592653589793,1958.3776305458887,2007.5629221382762,5917.291713002569,4317.636184204311,4426.075022249421,13045.85612808017,88520.99478436014,90744.22837966184,267468.6131490533,11854.339220731541,12152.064808540788,35818.21102317398,20274.367856561887,799921.4293521377,32929.28804133065,95116.47529327752,984799.472202096,71709913.94065833,85841.37457360735,195820.8763198624
51,11.168361883511714,403.5234736136186,1262.426477032907,41.735,-87.625,87th,2.7897342763877364,0,13923.564581078906,3496.9938356565162,3.141592653589793,1125.7232656669541,1267.706380255579,4506.696181808583,3521.834414398116,3966.0297459438248,14099.235746830296,38843.04536133408,43742.168199700536,155503.4079499354,9755.683567647606,10986.130143747303,39055.69266102166,14048.408261132352,695858.0463362504,28844.8869465971,85605.96612845651,621473.6841397855,62116551.931826346,77115.66414819742,181040.83195061336
52,248.88482399901739,392.9376825888556,1179.809994531252,41.722,-87.624,95-Dan Ryan,2.871101526115712,0,14140.685117536412,3256.3858277477852,3.141592653589793,1128.1639801492345,1234.4501369397467,97796.22597370908,3387.354275825247,3706.4824114511953,293636.8028411923,40599.34262128053,44424.272481978915,3519401.926703574,9349.414319668242,10230.23779370636,810465.013611902,11396.53328509536,493099.70814098296,25254.704854695585,62324.56955697353,502682.22762314446,44077621.02220171,68302.00278776191,137197.83557096476
53,1.5550883635269477,2463.8561580051905,4607.908121532587,41.944,-87.664,Southport,1.2421857352294043,0,98921.30414236603,9053.046356040812,3.141592653589793,3060.566973131173,7740.432405491079,3831.5140407180843,5723.8777378155,14476.170303023518,7165.7042999966425,122878.63291593647,310770.4423771787,153831.36897670347,11245.565043844435,28440.983924745662,14078.287042749103,93734.05007092936,1055908.09784902,124500.76555587884,261840.3148576845,4447265.770105777,90418403.79863653,249445.5829784946,515286.460422369
54,1.9085175370557994,2221.2970436111705,4212.3557193934375,41.944,-87.671,Paulina,0.9977698267801183,0,87980.19234733429,8701.84524893202,3.141592653589793,2216.3431664311065,6978.410473649579,4239.384362742119,4202.961436475431,13233.505782353372,8039.354762779673,87783.98127848122,276397.9259398024,167911.74000842994,8682.438626694298,27337.65310672008,16607.62426233245,92057.11404072703,1035637.2007120216,120732.21790357996,246915.03864769114,4383143.913968996,89341118.37520617,242126.29896763896,480772.6969289122
55,2.7567475535250434,2056.154261295918,4286.618081430014,41.947,-87.675,Addison Br,1.3970662530513809,0,80696.44204504667,8914.669621866762,3.141592653589793,2872.5837295243177,6459.599121934603,5668.298229497615,5988.689461285729,13466.807873365706,11817.123908878408,112738.27592245127,253515.34949955312,222459.71918585786,12454.384085812368,28006.26059323672,24575.49367056522,73874.84696738319,915064.0447472137,107147.70535485094,222805.52131537182,3343733.094437026,78761765.74826762,218085.48276152398,434521.92890361743
56,1.7671458676442588,2069.9665432298816,4436.4834247352555,41.955,-87.675,Irving Park Br,1.3625087338618933,0,83699.99487864453,9000.179585987915,3.141592653589793,2820.347493952626,6502.991685387655,3657.9328230305564,6044.747413835309,13937.623734921164,7839.913350893156,114041.97404634891,262951.28901625297,147910.10007164232,12262.823292234052,28274.898068328457,15904.63016343476,57065.30394627823,832099.9217635986,97871.55281982166,219294.04359935073,2279449.77089676,70977731.14478323,202746.81849302992,428756.4484312883
57,0.7068583470577035,1871.7843379934977,4205.765982924124,41.962,-87.675,Montrose Br,1.0508627426257857,0,74889.96714153771,8767.681687476057,3.141592653589793,1966.9884230278376,5880.383925344807,1323.0863832025816,4419.682775657879,13212.803514672283,2972.8807908012636,78699.07626551129,235273.77059943587,52936.59838487307,9213.630024570966,27544.48437838854,6197.508985137421,57065.30394627823,696238.2319823579,97871.55281982166,200290.6334422069,2279449.77089676,58621300.82389218,202746.81849302992,392176.3332542537
58,2.474004214701962,1838.9991015066446,4120.747118868705,41.966,-87.679,Damen Br,1.3134998884658926,0,72163.70033347818,8742.845598766107,3.141592653589793,2415.525114717854,5777.386067251505,4549.69152796056,5412.600881030192,12945.70887593923,10194.745739802142,94787.01233930969,226708.95082351036,178533.29877351437,11483.726718853803,27466.45950455346,21629.836859835847,46080.123708541534,584043.5944232302,83464.31271414262,188779.58323541496,1803123.9528098763,48466330.29730757,175861.24362332444,365775.43916372914
59,2.3326325452904215,1606.7865412063607,3527.5363945425675,41.966,-87.689,Western Br,1.2242786571039423,0,58818.789589328175,8319.562033062888,3.141592653589793,1967.1544689208115,5047.868793740856,3748.042579352586,4318.687519995857,11082.082422365556,8228.446198606425,72010.58873090205,184784.6772668772,137202.62287065634,10185.462233531178,26136.674964154932,19406.48116088504,39800.37174319908,499144.93989603024,76829.5886854948,178624.252269889,1543134.0167908713,40960563.91034074,163153.32073074242,343318.39216361183
60,2.6153758841135026,1515.8975924432882,3367.0783872559305,41.966,-87.694,Rockwell,1.0555751316061706,0,55383.493463223414,8157.229053372974,3.141592653589793,1600.143800644801,4762.332740014289,3964.642006061895,3554.2042117559713,10577.9887254642,8806.175613948946,58461.438401251544,173992.376194201,144848.65318167233,8610.568131555854,25626.690867725756,21334.220147381693,32077.23048141405,277438.6859039457,64684.44353401524,166252.4438186383,1239610.399034762,20288338.127848163,139756.619783928,322228.8211193024
61,4.17046424764045,1436.6247562248254,3146.1393560630486,41.966,-87.702,Francisco,1.213597242081737,0,51615.172412439875,7901.0922044913705,3.141592653589793,1743.4838420607957,4513.289780121139,5991.392183110812,3818.1460457229273,9883.888288177395,13120.861702555492,62640.03088931039,162153.84646469168,215259.2311818782,9588.743708804239,24822.013224965674,32951.22255614193,28839.326438359298,261109.25380877493,59118.99730173968,161438.2283396514,1113788.7437797496,18880966.40638553,129176.28722994676,312268.16592450277
62,1.5550883635269477,1212.9545635519694,2606.6870207507677,41.966,-87.709,Kedzie Br,0.9195441697057324,0,43944.690119411986,7023.982587055084,3.141592653589793,1115.3652970321748,3810.609145993081,1886.251527266575,2396.963852178974,8189.148794598476,4053.628653326246,40409.0835888304,138056.31564342466,68337.87624349521,6458.862236041089,22066.49209443488,10922.913586745266,28839.326438359298,258418.0179731757,59118.99730173968,155380.51363394747,1113788.7437797496,18797620.477772575,129176.28722994676,299718.70775220485
63,11.026990214100174,1261.4483251164643,2528.7946078921186,41.967,-87.713,Kimball,1.9091458555865175,1,44056.863112006584,6984.898206530884,3.141592653589793,2408.288841932652,3962.956791069033,13909.978336652306,4827.837745286771,7944.442562591361,27884.993394695677,84110.9776204299,138408.71749289104,485814.5984000475,13335.189462692135,21943.704891709946,77022.40416990191,24186.79115137615,151150.54582625016,50708.39908104054,142207.68983353206,928561.0719987632,9074074.485233407,113521.3935646344,277600.45536572806
64,377.88647233704825,1498.151008756673,329.00654765029924,41.978,-87.904,OHare',3.141592653589793,0,81862.68442970673,951.0051645883128,3.141592653589793,4706.5802030781015,4706.5802030781015,566130.9997272495,1033.6045530811202,1033.6045530811202,124327.12366736255,257179.2080075062,257179.2080075062,30934801.035182882,2987.670838596596,2987.670838596596,359371.9868205915,19904.862814560947,43634.849588523626,15563.719139381927,56652.78832449282,1040096.144276881,1874283.6385579712,40188.398243000505,148178.44619517162
65,68.98937467283186,1062.3503759279376,807.5830121474673,41.984,-87.86,Rosemont,3.0900705340709207,1,52416.09016332886,2040.9889830714822,3.141592653589793,3282.737593514086,3337.472136553564,73290.88811871626,2495.488469653127,2537.0968581264,55714.64700445574,161969.41572490713,164670.00378701417,3616153.283162831,6306.79991695256,6411.955995275071,140806.55365624055,25858.742332072234,56221.90868656543,27229.770613863104,68948.24979419334,1248904.359286889,2414017.7011202974,72185.11157381741,175004.7695078967
66,52.09546017815275,1273.2626837048128,1040.1639773851268,41.984,-87.838,Cumberland,3.0913271711323564,1,69594.96256748172,2551.421371825206,3.141592653589793,3936.0715301255914,4000.0726932170646,66331.20543527197,3215.4871657237445,3267.771509881854,54187.821062615854,215140.7987587955,218639.02312885722,3625581.6010342753,7887.27821173105,8015.526637938058,132917.47047360786,28445.50489214959,77049.97765027388,32173.89221807705,76274.85270175201,1341577.2783991615,4072024.26925999,85762.34331599135,187332.14074018187
67,60.57776034284518,1582.3718075501818,1227.5347739017577,41.982,-87.807,Harlem N,3.141592653589793,1,90999.85208488446,3101.0325997230816,3.141592653589793,4971.167645847253,4971.167645847253,95856.54013104965,3856.41422771577,3856.41422771577,74361.30734592932,285884.46678763087,285884.46678763087,5512567.230832491,9742.18123383249,9742.18123383249,187853.609641375,34541.460802730835,130659.27590713468,43373.966818882414,81109.93968554187,1551349.1772087396,9057502.112402452,116234.37425326962,194498.70276496772
68,35.696346526414025,965.2958570279769,1592.423731659148,41.971,-87.763,Jefferson Park,3.1164599123610746,0,38480.281592066545,4256.261403933305,3.141592653589793,3008.3058419959175,3032.5663729797557,34457.53541298248,4962.724723208164,5002.746696782423,56843.70934219028,119922.25499804117,120889.3699577028,1373605.466144398,13264.46804188781,13371.43955835465,151932.9819818047,43634.849588523626,172421.39732865087,56652.78832449282,82806.63269875312,1874283.6385579712,12953287.696200794,148178.44619517162,197162.5072226354
69,12.08727773468673,1089.9878885258381,2160.3205685803828,41.961,-87.744,Montrose Bl,2.8462829441523527,0,37683.32786141218,5941.466779063987,3.141592653589793,3102.4139364437287,3424.2979430946234,13174.986336056563,6148.883588251856,6786.847227651056,26112.394708387437,107257.41337083865,118385.66597222807,455488.84982814756,16911.09555649764,18665.668384655233,71816.15910996101,44639.20929543736,453962.66133833554,61977.983305599824,102838.1450282519,1842943.992365444,38756490.20772111,159234.4360924575,227789.90631096583
70,5.937610115284709,1245.9158333103783,2410.664491314371,41.953,-87.729,Irving Park Bl,2.2886502481401645,0,44371.48127884234,6591.491114283782,3.141592653589793,2851.465581067557,3914.1600289190897,7397.76245465708,5517.167886229318,7573.325856183003,14313.585868185877,101550.80163916918,139397.11961450812,263460.5560714204,15085.617774319267,20707.78006083633,39137.70431498066,51515.32848348733,955657.4767521016,67914.64524111223,134451.1518013895,2156838.4931127913,84730944.39969432,172017.09866930012,280659.02835121355
71,3.1808625617596658,1334.5090698261147,2550.669019637218,41.947,-87.719,Addison Bl,1.9383626672649026,0,47809.89681514937,7004.484749663427,3.141592653589793,2586.7625600773517,4192.48388991467,4244.889938538604,4944.121604213952,8013.163053831363,8113.327592004256,92672.9191122727,150199.2206033593,152076.7108609013,13577.231742173934,22005.237831724364,22280.303304620917,69060.65985368169,997460.2213958901,72745.75967901776,145164.56330180823,3652875.6455275766,88158889.54746355,178037.66998463272,297862.07711744437
72,3.8877209088173688,1472.0184658939245,2682.8521549925845,41.939,-87.712,Belmont B,1.9311370041616458,0,52967.46453941412,7328.793773872555,3.141592653589793,2842.669330297015,4624.482398400871,5722.796968021077,5180.955073200995,8428.428620792249,10430.180418230408,102287.4307886824,166402.19747630128,205922.71937692282,14152.904852594767,23024.084679672633,28492.304791094884,103874.55056744892,1020417.0143257278,73512.67534385879,161242.0290362953,7039156.459553273,89362808.57394323,176061.85179422173,333570.1189562113
73,4.877322594698154,1518.6292434279596,2809.71587000789,41.93,-87.708,Logan Square,2.14225203048288,0,50173.58671690363,7617.74331519949,3.141592653589793,3253.286580284226,4770.914474679904,7406.844721940551,6019.119527604374,8826.98273589144,13703.890697471463,107484.46802089564,157624.97143407486,244712.76815140125,16319.126084683492,23931.846435963475,37154.191591833296,118733.88658041689,1063529.6194440855,74365.35949708389,192254.35201530834,8423212.689911243,91836138.76318568,177316.95379768749,398420.16848494776
74,4.09977841293468,1969.7409706857018,3290.446431205653,41.922,-87.697,California B,2.131256456195316,0,64099.56566897741,8190.521057566076,3.141592653589793,4198.02316080633,6188.123762981028,8075.501510690242,7012.785200271884,10337.242335306431,13490.101247574894,136612.61317132373,201374.72460395595,262794.0156081625,17456.100883541385,25731.28078352209,33579.32142249632,145337.19185976853,1090665.3637556804,71859.18972544945,220973.77750779595,11080658.378824638,93138437.14406407,169669.93195633977,463037.495545178
75,3.817035074111599,2537.4422324010434,3247.9096290112466,41.916,-87.687,Western BN,1.929252048569492,0,96577.24521586613,7509.631035044495,3.141592653589793,4895.365624986458,7971.6098762196025,9685.505999606818,6266.036305338526,10203.609030025282,12397.384971480718,186321.8481779079,303406.36407410505,368638.7323500376,14487.971058360625,23592.2016908657,28664.525054401824,155524.84035608586,1110808.0635769581,72205.63828257937,247090.28253090967,12033113.806921955,94126278.10528626,170238.57702152274,527187.7514885602
76,4.17046424764045,2977.639038086765,3315.4279377444054,41.91,-87.678,Damen Bl,1.9179423150165686,0,117750.96677661441,7322.253972878817,3.141592653589793,5710.939909991839,9354.52892709556,12418.137150719354,6358.799534188113,10415.724052724183,13826.873679991351,225839.5618149789,369925.57217850763,491076.1970669689,14043.660735882466,23003.539288914766,30537.198406034353,434057.7985237746,1121807.086197959,87274.42588886997,267197.00448653934,37716394.06344423,94608955.60212144,187601.5080679653,583450.6695951637
77,3.392920065876977,3172.0821972961803,2738.6930217457902,41.904,-87.668,Division,2.167698930976957,0,144805.39537189252,5896.880970957357,3.141592653589793,6876.119188049966,9965.390127608649,10762.621337817342,5936.661935512401,8603.857877554206,9292.166507758544,313894.500747347,454919.566300503,491313.13160454325,12782.662576842624,18525.59793745308,20007.645772449327,827025.9016202731,1146295.1277972802,99366.58467976259,306160.64107140905,74154287.33571216,95737010.79818588,202966.31552905383,680239.857178815
78,1.9792033717615698,12021.360401207941,4228.703785346929,41.896,-87.655,Chicago B,1.732588348454771,0,956953.5484977751,7115.002962636499,3.141592653589793,20828.06896370845,37766.217522590116,23792.717039231775,7326.602907558675,13284.864746253263,8369.464790139556,1658006.5681396928,3006358.237787294,1894005.6898059954,12327.371232285175,22352.44103768844,14082.037853743717,971601.4790638179,1153280.0862409591,117934.79268794514,323714.01352312573,86909985.18817666,96009935.12259288,225676.96554362687,721447.0078038597
79,0.7775441817634738,47623.53695552012,4894.355952645088,41.891,-87.648,Grand B,0.8136724972797564,0,4426131.674383303,7265.158944271933,3.141592653589793,38749.96224389282,149613.753837424,37029.404074762446,3982.4028305647703,15376.072704883281,3805.5779944586125,3601421.612784492,13905102.752063675,3441512.9311357597,5911.460021320103,22824.169966486883,5648.982066705504,991971.5094335782,1166418.2086531434,129068.13681821829,353707.5704775686,88021231.29554407,96514653.30363351,247807.7756402199,800592.6294377694
80,0.4241150082346221,89529.31100538322,3479.0135804406964,41.875,-87.631,LaSalle,0.3308097064230052,0,8383398.294596394,5808.0085255856475,3.141592653589793,29617.165089944752,281264.62573546777,37970.72447428815,1150.891461187235,10929.643506051614,1475.5018733169682,2773309.528662556,26337222.49442123,3555525.0367468665,1921.3455952512995,18246.396915966758,2463.2635836555123,995847.3691176745,1163518.188545143,120344.37728932752,354948.81462227606,88566169.2284316,96302707.72790428,226606.83543276106,807269.6296669624
81,1.3430308594096365,77762.95802194515,3291.3370792803116,41.875,-87.641,Clinton B,1.0668848651590936,0,7296039.954905203,5404.0324880505,3.141592653589793,82964.1229836152,244299.53764315433,104438.05234244847,3511.4777160211,10340.040388754713,4420.36726619264,7784034.603484397,22921185.52262779,9798806.81092338,5765.480472329119,16977.268764220025,7257.7823967040595,988437.7066986056,1154472.184849187,114117.5928020414,338475.7857530428,88249195.33396517,95902359.22273676,215007.28475326285,766292.6220225109
82,1.5550883635269477,32387.383010674646,2935.841803471069,41.875,-87.649,UIC Halstead,1.1102388437786328,0,2947751.5630582976,5031.016868204417,3.141592653589793,35957.73066678715,101747.96453533435,50365.2424449905,3259.485609402696,9223.21904188652,4565.493425733827,3272708.287116502,9260634.655111777,4584014.15428033,5585.63035078607,15805.405633237324,7823.675788452476,890816.8389634807,1134982.785512085,87949.24747444439,301295.912634301,80054937.18828031,95118839.33061741,165215.30127319173,671303.7444216682
83,1.837831702350029,11254.434985960374,2895.045357699079,41.876,-87.657,Racine,1.4385352760787662,0,897960.4673313407,5201.489571040567,3.141592653589793,16189.901739639032,35356.85027219706,20683.757409235277,4164.624872898195,9095.053227556662,5320.606138120647,1291747.808780308,2821026.0073821973,1650300.2143185853,7482.526236097666,16340.96142410497,9559.462433101407,780776.5853351131,1116103.2938417273,68850.66541217134,272647.17632611,70595501.85974145,94275221.99498944,132284.88994269026,591395.7115147705
84,3.1101767270538954,3542.9717259836943,1965.2920115011277,41.876,-87.673,Illinois Medical District,1.6505927801960774,0,202392.12675719263,4848.529519713019,3.141592653589793,5848.00355134752,11130.573946226723,11019.268206764456,3243.8968051607876,6174.14694549065,6112.405476035744,334066.9831939515,635833.6185648106,629475.2823791625,8002.947819805864,15232.104719843668,15079.783672645233,723887.8663885761,1099426.471578746,50613.353452464755,240403.80459280635,66153859.57573859,93573327.15738821,101150.42184709237,511453.0162424577
85,1.9792033717615698,3027.675687875288,1503.3183055134855,41.875,-87.688,Western BS,2.114920174396649,0,185268.22391067012,4036.586979532845,3.141592653589793,6403.292393817698,9511.723698481428,5992.3859300433005,3179.3982128702555,4722.813744608222,2975.37265910318,391827.5044233118,582037.29118139,366683.4934442758,8537.059238720845,12681.312000476599,7989.226560300257,304116.80905524996,1081603.3903607663,29938.80556333056,212644.99513564713,27476046.42392276,92760895.74482583,66160.81129389304,444287.8641919414
86,1.9085175370557994,1823.5336988118297,1458.90157390834,41.874,-87.706,Kedzie-Homan,2.189690079552086,0,105100.06277003742,4511.7616304599715,3.141592653589793,3992.973650017185,5728.8000717606665,3480.246043594605,3194.5423034300165,4583.274466901027,2784.3392386423743,230136.56480785247,330181.5850901757,200585.31294228174,9879.359683521943,14174.117193001353,8610.776194748323,193493.80001987208,1036659.1006797644,25550.707825428817,157231.24360459147,17140041.227855917,90715812.91176713,59076.040696267526,306685.0770961363
87,2.04988920646734,1004.7418388675325,1507.328143863366,41.874,-87.728,Pulaski B,2.321951130268216,0,47268.229662113125,4880.828923071552,3.141592653589793,2332.961448386233,3156.4895797405397,2059.609450780702,3499.942287328635,4735.411023310289,3089.855692709964,109754.51928972118,148497.52305468975,96894.63379318506,11333.04623457179,15333.576288150169,10005.158528017984,183306.15152355478,995847.3691176745,25204.25926829892,120344.37728932752,16187585.7997586,88566169.2284316,58507.3956310846,226606.83543276106
88,2.827433388230814,764.1915496671941,1627.883782883679,41.872,-87.745,Cicero B,2.704597115475453,0,27189.359378172485,5359.417029460952,3.141592653589793,2066.8302609006096,2400.7785583698565,2160.7007025328708,4402.769783516466,5114.147733205328,4602.7329598847955,73536.26294583075,85417.89167827943,76876.10251045148,14495.063838510112,16837.105167278558,15153.394650550703,18837.288663658397,18837.288663658397,18440.496547368457,18440.496547368457,631105.8445789102,631105.8445789102,49622.07231846938,49622.07231846938
89,4.665265090580843,799.6429201813378,1611.4094803296102,41.871,-87.777,Austin B,2.597468805988041,0,29227.870481501148,4552.020861016409,3.141592653589793,2077.04754110021,2512.15232353678,3730.5462004521187,4185.585858829562,5062.39218532845,7517.652395212748,75918.48184115789,91822.06318475798,136355.7638293656,11823.732190696946,14300.595295956635,21236.384014495605,18837.288663658397,18837.288663658397,18440.496547368457,18440.496547368457,631105.8445789102,631105.8445789102,49622.07231846938,49622.07231846938
90,6.644468462342412,1663.2421293294453,1709.6962982127259,41.872,-87.792,Oak Park B,2.140681234156085,0,56121.045195722305,4329.28159633053,3.141592653589793,3560.471214113352,5225.22925464243,11051.35987356874,3659.914781690108,5371.169330334764,11360.023133658025,120137.26829170826,176309.46329866195,372894.51487667003,9267.611870642066,13600.839258353486,28765.775031417623,18837.288663658397,18837.288663658397,18440.496547368457,18440.496547368457,631105.8445789102,631105.8445789102,49622.07231846938,49622.07231846938
91,9.754645189396308,2688.675686238739,1576.953609316301,41.873,-87.807,Harlem S,1.806101616548772,0,86653.11857397514,3629.7652340178875,3.141592653589793,4856.021503291166,8446.723783773119,26227.077348615538,2848.1384630085918,4954.14587408,15382.622939018402,156504.33753544893,272228.80072264554,845270.4262438145,6555.724856852238,11403.243793446232,35407.07197865055,18837.288663658397,18837.288663658397,18440.496547368457,18440.496547368457,631105.8445789102,631105.8445789102,49622.07231846938,49622.07231846938
92,171.3424633267873,2628.262431047307,1400.2317318419691,41.874,-87.817,Forest Park,2.3882387352589607,1,85841.29004277906,3131.989884988172,3.141592653589793,6276.918144253062,8256.92994508427,450332.95920489606,3344.0876603237284,4398.957722078043,239919.1541621365,205009.4939647643,269678.3661730653,14708258.091078984,7479.939561768009,9839.436413796382,536642.8620084546,18837.288663658397,18837.288663658397,18440.496547368457,18440.496547368457,631105.8445789102,631105.8445789102,49622.07231846938,49622.07231846938
93,13.359622759390597,6036.236729657728,2208.000267822171,41.887,-87.804,Harlem/Lake,2.124973270888136,0,184001.8517076824,4601.75973319203,3.141592653589793,12826.841707275888,18963.396965221596,80641.84559460485,4691.941551235959,6936.6374205144275,29498.050630737605,390999.0166727476,578058.8655717735,2458195.325843967,9778.616432082385,14456.854571381407,61477.774064799436,40385.92600691243,281318.01715026476,31512.973121617986,54007.74688845436,1378205.7140875666,23401569.558217127,84713.4871126966,127973.01301499947
94,4.594579255875073,6114.091581071492,2329.598268815427,41.887,-87.794,Oak Park G,1.4906857141283567,0,185469.68165377874,4862.452938539675,3.141592653589793,9114.18897477573,19207.985194469402,28091.678346911503,3472.6988589813086,7318.648807126046,10703.523880421842,276477.0048452221,582670.1893471489,852155.1519202053,7248.389131102543,15275.846430142346,22340.925404083184,45581.61140347964,452170.7326118576,34953.93039915261,62155.24767829452,1673384.7296663092,38980983.54417677,93629.84087725807,144279.7053160459
95,4.594579255875073,3968.178801269186,2184.9143697146046,41.887,-87.784,Ridgeland,1.5745662379792045,0,122645.13783225956,5132.22719058097,3.141592653589793,6248.160366743251,12466.401370198026,18232.112003914615,3440.2923994282296,6864.110932618175,10038.762238954081,193112.89328298194,385301.0640123342,563502.8061180388,8081.03165992766,16123.367238482959,23580.42458628133,45581.61140347964,496465.8723142222,34953.93039915261,69431.4802738906,1673384.7296663092,42752789.02119553,93629.84087725807,155108.44127150663
96,4.523893421169302,877.7246371166756,1760.1601578956631,41.887,-87.774,Austin G,1.412460057053971,0,30842.876542677455,5156.139237560315,3.141592653589793,1239.7509910194956,2757.453271840515,3970.732711450342,2486.1559170454348,5529.706221186466,7962.776958508511,43564.33116117878,96895.75436205245,139529.88628135555,7282.840721662661,16198.489149605564,23325.824375432014,49054.77876747132,704156.9327415357,37476.31374645924,87054.04240619799,1862937.0904232978,61537091.1212426,101009.67379131103,191242.7895456305
97,4.3825217517577615,870.9394114135764,1826.5284139050275,41.887,-87.766,Central G,1.5290131445021524,0,30329.055859275362,5416.621376907134,3.141592653589793,1331.6778081163263,2736.13685661871,3816.9109149831006,2792.785953667455,5738.208246697051,8004.800504142387,46373.52506917205,95281.53907781396,132917.74701355046,8282.085284082355,17016.81792496888,23738.46100533159,49054.77876747132,806440.5012520319,37476.31374645924,106606.44106045674,1862937.0904232978,70245476.19232905,101009.67379131103,227372.9063789183
98,5.160065933521235,845.2819869665279,1790.015119183336,41.887,-87.755,Laramie,1.6826370252626934,0,29068.69606546603,5526.940384491383,3.141592653589793,1422.3027680574974,2655.5316804658273,4361.710785165122,3011.945715317894,5623.498348241026,9236.596036985886,48912.06427586112,91322.0020087026,149996.38829929402,9299.834527364828,17363.395308746876,28519.376794616743,105542.71943621396,972588.7701092,42333.43579114483,131506.2739456023,7159680.2700218065,84910967.97415718,108191.9435764067,276627.202643994
99,6.220353454107791,779.8090480470473,1745.2087619028487,41.887,-87.745,Cicero G,2.0831900885953916,0,26885.659116391893,5377.489923716103,3.141592653589793,1624.4904798886164,2449.842376547454,4850.687905563959,3635.601595325849,5482.735025374528,10855.815350241566,56007.93859662193,84463.78916697622,167238.30255061292,11202.333710606974,16893.882839099646,33449.8880214173,163920.09090263722,1032985.4578970232,45912.83806508714,159029.9075182008,12658519.55031409,89320286.0621389,113388.92732906803,340293.9286504573
100,3.392920065876977,1007.9602156179228,1599.8066270731015,41.885,-87.726,Pulaski G,1.7241060482900785,0,45542.365789395684,4907.7644516653445,3.141592653589793,1737.8303041826323,3166.60040849605,3419.9284411757344,2758.2362818312845,5025.940746777122,5428.016006519291,78519.86831093626,143075.5617910646,154521.60673434977,8461.506374699262,15418.196746900985,16651.652486653067,178779.4269156052,1079799.4775578906,46765.52221831224,191606.51694572147,14042575.780672058,92218913.51091956,114644.02933253376,408710.99541154585
101,3.8877209088173688,1398.9539783248597,1755.7315395254986,41.885,-87.717,Conservatory-Central Park,1.577707830632794,0,67141.18632061775,5197.66616196224,3.141592653589793,2207.1406462980312,4394.943541015594,5438.742632006797,2770.03139839835,5515.793306249204,6825.794216483389,105929.17541601406,210930.25769815623,261026.19390146833,8200.398604742926,16328.949830232828,20207.075414913124,195893.45052583847,1087459.4536090032,47665.842036211856,197725.40123632876,15634410.387155205,92636712.21706356,115991.83920746065,423672.5041134909
102,2.1912608758788807,2032.6926326975906,1893.5605622430066,41.884,-87.706,Kedzie G,1.2955928103404306,0,106754.14015340846,5307.570875310867,3.141592653589793,2633.54196055496,6385.892241888846,4454.159838717471,2453.2834503862227,5948.795951469988,4149.285176150317,138309.89645683067,335378.02244624315,233926.1706562546,6876.450666425026,16674.22567028377,11630.27240502293,281318.01715026476,1121659.8362887304,54007.74688845436,239950.46466792564,23401569.558217127,94190071.46540949,127973.01301499947,521087.413131189
103,3.322234231171206,2794.117295536564,1850.465820874022,41.884,-87.696,California G,1.8595086916597985,0,158740.32581975491,4795.005156229047,3.141592653589793,5195.685396567211,8777.978368925851,9282.712125139087,3440.957277534628,5813.409828576833,6147.680893720001,295179.0155787426,498697.4414237922,527372.5443056602,8916.353764561463,15063.952972734352,15930.130268666579,380974.8064331432,1130901.7488471458,52889.851064818366,257470.01181321425,33262716.52399868,94537371.28889798,127796.50659665931,565796.5809186638
104,1.837831702350029,2221.7514234916525,1613.544124182195,41.85,-87.667,Ashland P-G,1.563256504426281,0,121254.80381516462,4720.807425497567,3.141592653589793,3473.1673639916744,6979.837950144041,4083.205200834264,2522.383347306623,5069.098366773761,2965.42254456265,189552.36075698872,380933.2008781928,222845.9225137428,7379.832914052958,14830.853926955302,8676.049547268853,696232.9398978053,1162108.5959234436,85723.57551322499,307235.71392641094,62231646.63392599,95962361.54305427,200686.7334748195,688131.2346317836
105,1.1309733552923256,51832.42999430438,4456.817426418716,41.886,-87.652,Morgan,1.0898184915302993,0,4860206.741547336,6590.335767757522,3.141592653589793,56487.94066874264,162836.38128781389,58621.097263613,4857.122044685596,14001.504885228007,5040.541758682083,5296743.179598508,15268789.794172697,5496764.325902171,7182.26978509568,20704.15043267708,7453.494155763749,941828.1502612693,1177395.5912002572,114622.3992652439,336942.18568075105,83960441.20312591,96587175.9263931,235954.2394151364,762906.8630260167
106,0.49480084294039245,76156.12486551663,4669.504632887615,41.886,-87.642,Clinton P-G,0.7665486074759096,0,7173503.710872106,6779.718470527202,3.141592653589793,58377.37146642326,239251.522403374,37682.11477853141,3579.40227394231,14669.681450583235,2310.47482846686,5498839.280292283,22536226.55857493,3549455.6829755516,5196.98375266133,21299.113740415287,3354.610414115408,987776.0757695859,1190334.1688940763,122676.15113889301,362307.08641554986,87750152.42719895,97139823.81600285,244030.0658253395,824832.5006301659
107,3.392920065876977,3814.2132407420413,2565.1604261303582,41.853,-87.626,Cermak McCormick,1.8764732919891833,0,222058.37436891254,5346.129418069079,3.141592653589793,7157.26927620395,11982.704296340115,12941.320640047325,4813.45502930121,8058.689150010397,8703.38428201123,416686.6087657998,697616.9575854676,753426.3141923051,10031.869068524302,16795.360904946094,18138.989777341783,792720.1797996074,1135657.63643753,80075.40480598286,308849.6842514998,71866315.09377016,95141534.39488171,157384.1928332064,701450.7802984996
108,2.898119222936584,1359.959009024234,1877.5289958523185,41.832,-87.626,35th-Bronzeville-IIT,1.5378096039322038,0,60631.50487339264,4524.572875148965,3.141592653589793,2091.35802503159,4272.437231933789,3941.3233464589202,2887.2821214828823,5898.431300271465,5441.302874500427,93239.71049516542,190479.49028634405,175717.3297891524,6957.931621095223,14214.364905199636,13112.751625046665,469477.5426254934,1112042.146094139,55982.368889336736,268556.39907628373,42016225.17822767,94129258.38110618,119711.53070202863,599621.5038007846
109,2.1912608758788807,1178.763049598119,1870.29826133724,41.822,-87.621,Indiana,1.5371812854014857,0,54470.94870676356,4526.831641930763,3.141592653589793,1811.972499765012,3703.193336940552,2582.977352516035,2874.9874854465425,5875.715277838836,4098.311406292589,83731.7229501012,171125.53229123482,119360.05877313629,6958.560882139248,14221.461030327506,9919.469068653436,383796.1347656625,1072925.9344205356,52937.2169326931,215132.30414673293,34127818.69260972,92454612.34088647,123913.75129828791,469103.7533256619
110,3.1101767270538954,850.7556374955108,2167.3826753925587,41.816,-87.619,43rd,1.246898124209789,0,32435.17595359821,4930.405728190337,3.141592653589793,1060.8056085540557,2672.727660755998,2646.000384148438,2702.5053923917753,6809.033490531054,6740.943155625743,40443.36005495606,101898.11049371645,100879.12938877929,6147.71365407373,15489.326414899797,15334.4331507508,255051.8526714296,1034492.6106902924,43186.74269211241,180491.89242786032,22370426.872681946,90371092.05045143,106369.63211966731,388461.5919849144
111,2.7567475535250434,988.9219348202092,2117.3277453922155,41.809,-87.619,47th G,1.1419689295798898,0,43505.95394895802,4905.659760567714,3.141592653589793,1129.3181233447078,3106.7898854049736,2726.208124442864,2417.9224989753498,6651.7812901660245,5836.938082120686,49682.44766144357,136677.98531346236,119934.93211256323,5602.111025658652,15411.584664810594,13523.665543371297,203201.71245809566,1029190.4176433453,41504.12321602378,174211.3611538253,17520828.31528752,90122287.53201757,103427.18059019075,367936.35806954873
112,1.837831702350029,918.1047536595131,2100.53881080403,41.802,-87.619,51st,1.186265385995506,0,41690.39867814661,4947.666450530874,3.141592653589793,1089.1158899842112,2884.311149322593,1687.322022353717,2491.796483196984,6599.037296602181,3860.436818512276,49455.87688023812,130974.25021249501,76619.93637430957,5869.245451716021,15543.55257340048,9092.97825543928,94743.83407136325,1004483.6416996524,40436.74894692928,151391.7322087231,7496621.790908685,88896428.26566836,100642.65074543309,315069.608725243
113,1.9792033717615698,976.9719539895602,2040.270825862337,41.795,-87.618,Garfield G,1.7831679901775668,1,46650.27628361028,4877.250590387685,3.141592653589793,1742.1051156554145,3069.247913416868,1933.626185452627,3638.1456279708677,6409.699837862698,4038.1108978535,83185.27940187354,146556.1652605242,92330.38411413025,8696.95713285396,15322.334624478433,9653.070813421415,94743.83407136325,933254.9326292697,40436.74894692928,124947.75731085677,7496621.790908685,83435306.8801626,100642.65074543309,267235.56815125886
114,5.0893800988154645,515.005399147618,1178.253220331574,41.779,-87.644,Halstead G,2.470234303517654,0,23334.83608945476,3783.664107884061,3.141592653589793,1272.1840034712477,1617.9371785212359,2621.058229204402,2910.561523093199,3701.591661062189,5996.578490920746,57642.512575132896,73308.54963135305,118759.85040279193,9346.53687228373,11886.731364979945,19256.50481126751,14738.290675907516,398655.47077863046,27936.94974471735,53789.9010859182,706423.592667345,35511874.9229677,73588.02761217215,125168.85330175364
115,27.708847204661975,418.86373799619395,1179.1124357596575,41.779,-87.664,Ashland/63rd,3.0218979734880222,1,14258.239417185923,4110.359501331017,3.141592653589793,1265.7634810183165,1315.8992421440028,11606.231315710105,3563.1574801366346,3704.290965938907,32671.846319581156,43086.94480030118,44793.58020615571,395079.3774182933,12421.087047379438,12913.075212994529,113893.32337861173,14738.290675907516,383796.1347656625,27936.94974471735,52937.2169326931,706423.592667345,34127818.69260972,73588.02761217215,123913.75129828791
116,1.9085175370557994,1084.2827605995064,1753.2804860037431,41.78,-87.616,King Drive,1.7036856960417448,0,56800.01107278896,4476.63429031302,3.141592653589793,1847.2770296980348,3406.3747551134697,2069.372663731433,2987.038885153696,5508.093094511702,3346.166554915859,96769.36639972328,178442.4975100927,108403.81723738133,7626.77780681628,14063.76139925554,8543.73505004774,16829.648700939106,659181.9793411837,30824.23186620023,81042.2384484347,799663.3031625103,59107628.53511019,80545.95923326738,174090.54905150115
117,25.658957998194637,1468.9535591012732,1815.8038450173656,41.78,-87.606,Cottage Grove,2.396092716892935,0,84481.74000798489,4557.018041192514,3.141592653589793,3519.7489244165163,4614.85370973714,37691.81767427809,4350.834368352297,5704.516019866655,46591.63459226091,202426.0819435751,265407.21377156826,2167713.418479284,10919.037739251093,14316.294400486551,116928.33451597391,16829.648700939106,472015.49010998296,30824.23186620023,62456.087892566575,799663.3031625103,42116954.63560311,80545.95923326738,141479.1546216918
118,20.145462891144547,810.075586810789,1455.5619115597674,41.852,-87.757,54th/Cermak,2.507305096830014,1,29183.353298403923,5026.780176953059,3.141592653589793,2031.1066476282556,2544.9275123772154,16319.347673118893,3649.5377996054426,4572.782608201282,29322.968475090714,73171.57046767915,91682.20832938122,587912.160912157,12603.671558318483,15792.09567512653,101266.81351674887,23703.973785677877,267269.60688958515,25797.562997271893,50745.6202144945,1186262.5131310371,23347936.253717422,85364.31986113325,135500.2964298611
119,5.0893800988154645,816.1425114784893,1445.1736096440918,41.852,-87.745,Cicero P,1.9088316963211582,0,29748.07292813637,5101.197473529629,3.141592653589793,1557.878694625295,2563.9873183431455,4153.659455715895,2758.593192775503,4540.146795219723,7355.037808255949,56784.064509700074,93456.32736948662,151399.25033856832,9737.327426666769,16025.884507351495,25961.932901909422,28372.339332816977,379672.4562267982,28170.0877168785,57341.26216381863,1455141.2361258226,33556591.821823195,91190.8893731291,154946.731254061
120,3.322234231171206,811.5301054384405,1518.1872452011112,41.854,-87.733,Kostner,1.6911193254273857,0,30110.66728537386,5370.2904775244715,3.141592653589793,1372.3942444730708,2549.497017412355,2696.0930959135653,2567.4357899769643,4769.525896297537,5043.7736353346445,50920.731347809895,94595.45113841703,100034.68957887602,9081.802009700297,16871.265111834102,17841.36285576456,28372.339332816977,545237.8415045773,28170.0877168785,77657.95245718208,1455141.2361258226,48424570.53443916,91190.8893731291,190954.54596613435
121,2.4033183799961915,888.3040974502167,1597.39227914308,41.854,-87.724,Pulaski P,1.487229962209408,0,37198.45108240365,5757.51480611519,3.141592653589793,1321.112469281348,2790.689626703312,2134.8775644280336,2375.6896589435632,5018.355849056957,3839.0422245285713,55322.650997531695,116862.38064539859,89399.72119372991,8562.748527518803,18087.766217825945,13837.141156636846,31845.506696808654,740992.2237045842,30692.471064185123,95381.50628535908,1644693.5968828113,66419994.045942344,98570.72228718206,224098.11450828813
122,3.1101767270538954,1161.2087747340743,1611.381461606701,41.854,-87.715,Central Park,1.4467034169781,0,56617.12972234367,5662.1789719575845,3.141592653589793,1679.924702232738,3648.044955988573,3611.5645064286873,2331.191066561579,5062.304161914395,5011.681120295251,81908.19502880693,177867.9588030552,176089.27921502467,8191.493666272582,17788.259861612554,17610.37726299643,31845.506696808654,935757.178555256,30692.471064185123,117554.72980829337,1644693.5968828113,83547967.30596426,98570.72228718206,261316.7509582464
123,3.1101767270538954,1391.3536694844265,1567.7504174026067,41.854,-87.706,Kedzie P,1.5978140236157687,0,71588.23217578237,5341.817252806117,3.141592653589793,2223.124404911476,4371.0664665974755,4327.3558019315005,2504.97360245536,4925.233193974361,4875.9808620346175,114384.68129632666,224901.06428691832,222652.05364404916,8535.230518126273,16781.813838234906,16613.99569985256,88333.4473655513,943964.9755514223,35549.59310887072,126284.17769747322,6941436.776481319,83908235.33178079,105752.99207227773,282381.49881917145
124,2.6153758841135026,1606.0988050353374,1521.7423408720326,41.854,-87.695,California P,1.6823228659973342,0,85898.28413381599,5034.973333233481,3.141592653589793,2701.9767447619424,5045.708206838362,4200.552082192936,2560.0619362053303,4780.694558740112,3979.9282201511433,144508.64754825467,269857.41839076503,224656.30081031186,8470.4507681855,15817.835234706818,13168.347832893423,146710.81883197455,1000509.0191337194,39128.995382813024,148699.80434012917,12440276.056773601,88130647.19440222,110949.97582493907,329618.89173241076
125,2.4033183799961915,2387.493586632582,1605.9509667700086,41.854,-87.685,Western P,1.564827300753076,0,134067.76502906834,4871.865616726271,3.141592653589793,3736.0151447355433,7500.532312257666,5737.907218877113,2513.0359164725055,5045.243759230085,3859.6114758110143,209792.89886843463,421186.30569852365,322207.52385937056,7623.62832265349,15305.417230783958,11708.644181549727,146710.81883197455,1046913.8935374105,39128.995382813024,170394.3291767861,12440276.056773601,91096477.82877155,110949.97582493907,370552.98296545446
126,1.2016591899980957,2544.0539792306727,1690.9671991211321,41.8554,-87.676,Damen P,1.200716712202019,0,142856.02361313548,4780.8003639585095,3.141592653589793,3054.688129606317,7992.381291486961,3057.0858439937624,2030.3725757701827,5312.330130220257,2031.9662748092483,171529.61499101802,448795.4343040764,171664.2536213092,5740.3868947064775,15019.327301691463,5744.892692896984,161570.15484494253,1065818.3881918,39981.67953603813,186845.24217348205,13824332.28713157,91745838.96221238,112205.0778284048,405501.78498291795
127,1.6964600329384885,2763.5041039450516,1720.720954619431,41.858,-87.669,18th,1.456756513469587,0,156470.52610912122,4679.97232615559,3.141592653589793,4025.7526034218886,8681.804191119018,4688.174263204271,2506.671458505462,5405.804309910421,2919.1343273516272,227939.4580754754,491566.65532774513,265445.9938769824,6817.58016898457,14702.566678853937,7939.386006581127,267269.60688958515,1108932.9033126365,50745.6202144945,223234.22918368675,23347936.253717422,93583562.1376696,135500.2964298611,487303.07762594125
128,0.8482300164692442,3453.3741714482367,1755.0501358731333,41.872,-87.669,Polk,1.3518273188396879,0,198900.19919524316,4310.143337683815,3.141592653589793,4668.365547139098,10849.094927118518,2929.2556303220003,2372.5247196066075,5513.652613540804,1488.6862056560171,268878.7229947854,624863.4045893224,168713.11923911705,5826.569511995855,13540.714645586464,3655.992954308346,377641.34957916994,1128711.625115247,53691.72436421319,252349.5839218471,33483420.251355525,94447245.48118155,142343.05969574247,554046.7562389313
129,4.09977841293468,2426.6971680832385,1730.5161847547536,41.847,-87.648,Halstead O,2.7429245458492484,1,128275.66809454179,4390.229035495598,3.141592653589793,6656.247227678374,7623.693995737457,9948.92066443738,4746.6753201532065,5436.576932943771,7094.732897491621,351850.47865172994,402989.8965201351,525901.8149587763,12042.066983360946,13792.311285489572,17998.96622756389,684467.4273110697,1125102.9839387122,72047.16471072589,291929.3465657386,61351489.62697162,94677804.00785495,167392.08626069973,653027.5062174696
130,4.665265090580843,1583.783194110936,1503.418804405399,41.839,-87.665,Ashland O,2.4347343065320897,0,77053.75348988682,4601.877924253803,3.141592653589793,3856.0912768108674,4975.601647497893,7388.768446534373,3660.4253401712826,4723.129471188751,7013.847264715297,187605.41706889417,242071.5058953473,359476.18625459075,11204.350056653415,14457.225879552794,21468.9804311359,385924.1892922102,1092312.0286059747,48446.46113256826,239681.80240515273,34059771.34175895,93214694.430159,133234.23948906883,523176.339087428
131,6.856525966459723,1225.0643248402764,1381.5548787699686,41.829,-87.681,35/Archer,3.0146723103847655,1,55908.15056367174,4802.869625331081,3.141592653589793,3693.1674985361888,3848.6530830931524,8399.685353850804,4164.935238304805,4340.28265767487,9472.666900375405,168544.7534291236,175640.6350866232,383335.6860765551,14479.078069873662,15088.659931089685,32931.00029960324,219489.73317564648,1060275.6044629288,40464.36679493021,200184.9721888847,18821952.71396347,91726361.76476416,117326.8924671488,432161.2279747177
132,7.7754418176347375,887.0697823452319,1272.1917493137087,41.804,-87.684,Western O,3.008389125077586,1,36728.83306748837,4536.907521425958,3.141592653589793,2668.6510863923368,2786.8119114372776,6897.359480807261,3827.2478236487914,3996.708253601495,9891.8529276637,110494.62197702203,115387.03213974733,285582.9045458746,13648.783248940557,14253.115339328067,35276.460464836964,95450.74545536206,1006610.6068008811,32316.49505446146,147117.10840307793,7404783.342646185,88924887.64062054,101924.20483040126,314946.9688575671
133,10.32013186704247,867.6271719358567,1231.6595157196714,41.804,-87.704,Kedzie O,2.914455504735251,1,32569.986172995745,4502.037123605853,3.141592653589793,2528.660787306336,2725.7311494085757,8954.02682580717,3589.6168555487498,3869.372486308882,12710.888617524677,94923.77549103847,102321.62928860457,336126.552213066,13120.986877415533,14143.56675370867,46461.61678593298,95450.74545536206,913719.3800308518,32316.49505446146,120867.60365680863,7404783.342646185,81211218.7924301,101924.20483040126,263528.6484192537
134,11.521791057040566,901.5540197857314,1262.5081242673546,41.8,-87.724,Pulaski O,2.9841988616449444,1,34689.643073423016,4647.099771754323,3.141592653589793,2690.416479556003,2832.3154853732008,10387.517042606214,3767.5753072561333,3966.2862482957507,14546.354815624665,103520.7933705784,108980.7278351178,399686.81933529454,13867.869848819731,14599.294503442186,53542.91259137422,24693.82936114188,771615.5987010481,27517.433003033628,96001.27162992145,1124511.4636658095,68540036.48951067,91859.38238675983,219042.6227863295
135,191.34655454852032,847.8032568698139,1226.0854487474307,41.787,-87.738,Midway,3.067451066965074,1,35068.733397548116,4399.824807979457,3.141592653589793,2600.5950048617756,2663.4524834717076,162224.23213705304,3760.957117950658,3851.861038458273,234607.22619989727,107571.6236774227,110171.67521243618,6710281.308001457,13496.247301695987,13822.457293830383,841891.317623974,18037.582133463507,589244.5633193483,22770.75768288042,71443.95995943036,772660.9850140794,52290970.416806675,79817.31540339888,173867.75108660085
