,lat,lon,name,near_bachelors,near_business,near_emp_full_time,near_emp_pay,near_employed,near_employment,near_entertainment,near_family,near_finance,near_hospitality,near_house_w_child,near_household,near_hunits,near_hunits_attached,near_hunits_detached,near_hunits_large,near_hunits_medium,near_hunits_new,near_hunits_old,near_hunits_owner,near_hunits_renter,near_hunits_vacant,near_labor_force,near_medical,near_pop_child,near_pop_old,near_pop_poor,near_pop_rich,near_population,near_university,parking,walk_bachelors,walk_business,walk_emp_full_time,walk_emp_pay,walk_employed,walk_employment,walk_entertainment,walk_family,walk_finance,walk_hospitality,walk_house_w_child,walk_household,walk_hunits,walk_hunits_attached,walk_hunits_detached,walk_hunits_large,walk_hunits_medium,walk_hunits_new,walk_hunits_old,walk_hunits_owner,walk_hunits_renter,walk_hunits_vacant,walk_labor_force,walk_medical,walk_pop_child,walk_pop_old,walk_pop_poor,walk_pop_rich,walk_population,walk_university,15net_population,30net_population,15net_pop_child,30net_pop_child,15net_pop_old,30net_pop_old,15net_household,30net_household,15net_family,30net_family,15net_house_w_child,30net_house_w_child,15net_bachelors,30net_bachelors,15net_labor_force,30net_labor_force,15net_employed,30net_employed,15net_emp_full_time,30net_emp_full_time,15net_pop_poor,30net_pop_poor,15net_pop_rich,30net_pop_rich,15net_employment,30net_employment,15net_emp_pay,30net_emp_pay,15net_medical,30net_medical,15net_hospitality,30net_hospitality,15net_university,30net_university,15net_finance,30net_finance,15net_business,30net_business,15net_entertainment,30net_entertainment,15net_hunits,30net_hunits,15net_hunits_vacant,30net_hunits_vacant,15net_hunits_detached,30net_hunits_detached,15net_hunits_attached,30net_hunits_attached,15net_hunits_medium,30net_hunits_medium,15net_hunits_large,30net_hunits_large,15net_hunits_old,30net_hunits_old,15net_hunits_new,30net_hunits_new,15net_hunits_owner,30net_hunits_owner,15net_hunits_renter,30net_hunits_renter
0,39.755,-105.003,Union Station,4133.830252538095,14897.440835966616,3864.391656671639,3840629.4806358456,5028.916668182742,41270.72301371103,999.0572250671482,1038.0823616224925,4383.217615002359,6613.622148370003,226.39822733508905,4507.691257554646,5401.187548344727,194.20994453969226,378.5572606399539,4728.983292727649,97.40631755170857,2377.596858098708,1117.7199847353725,1508.8591149599717,2998.8321425946747,893.4962907900792,5274.269364796876,1.8515941611566804,420.3500624757356,550.3923520357295,1955.262907616302,3178.505873092394,7484.666204668303,502.71863540447873,0,5609.053120909562,18802.589889752897,5441.564370507145,4880005.635241186,7174.144123773058,52957.477886326735,1386.4136248762009,1644.614397499341,5525.240941507155,8382.98303013719,448.3695428101219,6376.565190093609,7559.457539931003,380.7679197619059,791.7166178282955,6177.882444343765,203.98213487656665,3088.0530351867883,1671.164565933659,2190.288451478461,4186.276738615147,1182.892349837395,7562.2442482830975,130.78542453189587,902.0769482683779,852.6874269454768,3312.3444940523973,4312.430580496705,11147.084531455374,632.7410226803052,42808.36990669932,129478.27985442404,8087.692116703475,23374.993155147276,4003.1716745522754,15586.416145211779,18926.754864666676,58069.50845030732,7835.38579709445,26691.894287677547,3417.606291761324,11385.357244855204,12139.109423688311,41712.080815601155,23855.841374456144,74387.70650896583,22060.39341341845,69335.5688757675,15341.44490079235,48940.02574926419,19418.232844820915,44816.75847129355,9347.139349836796,36477.581262984015,69163.82400082113,163044.0603281446,5300221.017706352,11602533.234908212,2786.562116869184,3572.2996757739884,8165.623470364992,16462.364384434662,618.0390228356803,4589.703909938211,5201.001486151575,13550.037521602122,17559.958517006857,38276.42322892993,3617.096606751157,5078.690429333672,21080.87420935344,63004.70532428083,2154.1193446867605,4935.196873973494,6561.061715528043,26153.017227608205,2523.256206448392,6304.949293844155,1673.7519697382797,5176.863075175012,10238.708950946248,24814.389742487987,5271.791535794002,9988.671642396394,4259.09819904694,9787.819136793145,7060.395624598299,26938.50818202342,11866.359240068377,31131.00026828391
1,39.749,-105.009,Pepsi Center-Elitch Gardens,899.7099279857987,688.0329882422475,1144.5339600979553,231264.7919567814,1649.7809971710653,3339.880453474074,239.46875843596752,627.6208474881744,192.24501301726946,372.3303900404966,291.16580390726494,1392.1337270922813,1525.6724288175897,245.6898478479367,578.7899719474033,556.4347403997143,139.77373979076086,240.06941197366206,524.4624150297307,584.9155385274191,807.218188564862,133.5387017253085,1787.242159652324,203.07324493545116,642.0271897398225,302.6528570334913,1443.4881780333324,721.0098467597708,3219.640425174134,17.533710207171957,0,3334.1021502236476,8342.330840502937,3676.4374316303847,2255387.240137847,5078.330821782007,25819.8037787308,957.9974518499188,1531.5079215022954,2447.560029182803,3789.4000800896297,591.4505148549986,4447.6034736803995,5110.81708929629,484.0953835336951,1067.6525809337604,3268.9070898238265,281.1950653889347,1544.5353603867627,1296.5063274637164,1609.985398038635,2837.6180756417652,663.2136156158899,5433.779268613586,443.39200788360677,1319.515814499901,766.1209370842537,3544.543284043331,2567.9408392892688,9003.12862807424,271.8313150362149,58723.263768405355,132657.62096731924,11036.88687351759,24183.77649732653,5782.429484493297,15968.88943008568,25855.640363479764,59309.09792901567,11075.1609854764,27545.025320381854,4887.96038641745,11805.025366943668,17497.977003391912,43223.478720108214,32914.94731873914,76149.04554486524,30550.631013466522,71028.54707074234,21267.517345908604,50154.17150691093,24778.603386091047,45213.02654469485,13984.240835356126,38263.444367376535,78378.17311891263,169384.3495025651,5703803.652072279,12111421.85966339,2963.1703030805597,3572.299675773989,8606.592964874986,16687.781447333895,1972.350753940234,4610.855919013525,5428.93856415494,14980.914734556776,18277.67041088905,39707.50480912203,3692.659465963114,5139.591866091576,28418.4928451027,64313.16656200733,2562.852481622935,5004.068632991664,10497.041890238084,26919.70091887427,3363.616466787589,6368.200953832655,2325.003249692999,5295.08952203558,12081.146325879965,25167.12759431399,6965.95157413185,9990.715314770818,4991.835648147042,10018.447564247166,10392.860315817077,27730.32904349493,15462.780047662687,31578.768885520738
2,39.743,-105.013,Sports Authority-Mile High,498.45183314806104,151.95783863199318,717.8376740141582,85525.27419093448,1063.5130494743348,1623.7340470307995,186.8680677028123,433.52696966510894,40.76083529701891,106.10029745488117,209.11096899437607,903.6952104913466,985.1534411542482,169.3642536577882,385.75294042362805,324.3026130241214,102.27874415342335,122.1120630712258,312.15216726817835,357.0551008599356,546.6401096314111,81.45823066290161,1163.9006049433417,193.8496041074816,486.91227685383603,208.68422150449234,1114.6031518015939,383.1241732633107,2223.608484779034,1.20351451019722,0,1380.883633620655,469.7664539107851,2172.732191251246,287887.19316557393,3271.4163992623735,5550.693315082893,693.5733809269882,1361.5996946421628,136.50598841117412,299.3940571042686,662.8864840299584,2818.3093430508725,3088.8782140121893,515.9756172141629,1128.7036833968805,1104.7884360136748,328.94254105900797,390.0218167272932,846.9837797667803,1018.1180430092036,1800.191300041669,270.5688709613172,3604.021448730683,746.9894227245195,1614.609602319192,658.0087355805825,3821.495056423612,997.6484798877793,7132.070170931189,4.07724240878361,65098.5085451152,137110.75287828367,12043.821122847703,25214.057312318266,6486.320990416266,16531.869196568183,28626.00595010601,61082.4302051695,12407.947800720127,28708.22464440803,5519.033940930076,12342.947573319056,20600.422977420894,45124.12185346794,36551.24333993766,78617.65776133211,34010.01163294372,73385.91602335374,23750.084905213298,51839.12420424206,26059.539771605894,45893.211224370265,16747.51222722247,40503.195742101314,81884.3104301038,176522.97844543826,5861887.720598437,12667165.740020128,3152.0250423503885,3596.6195241598843,8777.287665344005,16992.50689893273,3334.9157379186427,4635.625397100917,5527.19600487338,16320.165224071636,18593.029411949505,41282.342243858366,3737.595765944784,5212.672232471092,31364.26934567238,66170.05700203063,2738.2633955663637,5087.626796861144,12446.41477582985,27973.108309951087,3661.6391606024554,6504.9257003946495,2465.897669129652,5450.5071817380685,12635.252318518797,25653.89867740453,7738.875266405573,10010.60564023092,5400.836077200856,10338.454629173297,11997.003677815228,28878.351305001506,16629.002272290785,32204.078900167984
3,39.742,-105.011,Auraria West,295.2183564129436,113.41563168199835,513.4941974366606,75107.0958688702,785.9168561666218,1466.7483602983598,195.08614362769544,333.83032829078525,35.45997417352802,65.46023803779855,163.96016629759862,686.2912144409954,756.0854493222251,122.75905344835651,257.28181261459775,291.10950226267767,82.45851137177547,97.14907210080851,176.34301442168777,225.3678358584225,460.923378582573,69.79423488122976,871.5273652427109,215.57412870573384,415.8948399495215,161.93388205911128,1012.2415484709967,196.32442844010436,1783.4115582352943,1.069427792534972,0,1276.0878599784658,516.9086263674051,2091.9141238933867,305142.11256506876,3171.254776475361,5779.875053847107,727.4839493989974,1328.538747732888,155.3234202673717,303.87342005842555,648.3989320028045,2750.7801335777426,3024.4405349237168,495.30311701552745,1061.3728537882134,1133.9328902468576,323.8173503865636,392.3341116913433,767.4386244049172,949.3031805427368,1801.476953035006,273.6604013459739,3503.64388493239,789.6072460567138,1610.9386176481219,643.433179288869,3871.1126156725973,889.7756615035124,7035.267009637631,6.236756784627276,74228.44503812227,137110.75287828367,13886.127664507803,25214.057312318266,7574.600047013082,16531.869196568183,32532.79064673167,61082.4302051695,14330.5423826267,28708.22464440803,6364.44766515474,12342.947573319056,22146.18868047233,45124.12185346794,41668.72123776609,78617.65776133211,38686.718082923355,73385.91602335374,26916.076791689295,51839.12420424206,30023.988835842916,45893.211224370265,17998.07685438919,40503.195742101314,87999.54037460157,176522.97844543826,6117380.898382769,12667165.740020128,3153.4353832496563,3596.6195241598843,8997.863053785168,16992.50689893273,3423.9355710592017,4635.625397100917,5624.1316712784155,16320.165224071636,19075.362046146158,41282.342243858366,3772.619874574332,5212.672232471092,35497.12029423847,66170.05700203063,2964.3296475068,5087.626796861144,14328.164505306715,27973.108309951087,4096.391491173368,6504.9257003946495,2915.2847956797696,5450.5071817380685,13864.0881164373,25653.89867740453,8170.339716956302,10010.60564023092,5720.199117679727,10338.454629173297,13674.206866669829,28878.351305001506,18858.583780061846,32204.078900167984
4,39.737,-105.024,Decatur-Federal,628.1972002740544,241.33791392797323,1092.6678852431264,159820.91330236333,1672.3579613778115,3121.104069006975,415.12516609149145,710.3598846187639,75.45552643901893,139.2932972199667,348.89198177279707,1460.3638632872346,1608.8795026275257,261.21984629127024,547.4717640519929,619.4539408612792,175.46404163994083,206.72418830753438,375.24153068801,479.5617902568758,980.8020730303588,148.51563934029122,1854.529160923443,458.7216924784801,884.9855315204934,344.58023740485305,2153.955853141772,417.7601209830127,3794.9338971751026,2.275642860859301,1,1144.2571953990062,439.59547163565253,1990.2875869638005,291112.7746855434,3046.189364986906,5685.071163947131,756.1478435181994,1293.9160011270744,137.4417603625117,253.7218528596843,635.504520533328,2660.043466825564,2930.5637570628883,475.81028468355237,997.2163279635572,1128.3314041189058,319.60663322393594,376.5467910884051,683.5000558980146,873.5187436372966,1786.5247231882672,270.5202902373246,3378.013043576399,835.5586383943172,1611.995503680316,627.6507056554701,3923.416854538747,760.947397054668,6912.447900136799,4.145068963313845,48779.44594746896,101538.0279167787,9310.205683773922,18501.389663816055,5096.085681988466,11539.43466938143,21528.270747347717,45146.16837943486,9261.843262537677,20344.97093985903,4024.1914085280782,8816.330389912575,11996.89240100864,32294.31606869842,26779.176543163234,57464.6495198055,24571.581741317237,53438.64425614352,16980.277155410164,37470.63812830244,22245.914826156226,37311.097609061755,9309.49953097511,27568.93610093793,69909.13546218241,125894.63760195045,5254404.476770677,8806578.118564323,2780.116562627893,3540.240837460031,8156.922680594935,13442.009583192958,737.9299023426959,4322.615836310449,5299.994209515725,9029.166570437197,17668.676570110263,29205.30725514646,3632.1361498253764,4674.229044972959,23779.43219311136,49096.60792427532,2251.1614457636415,3950.4395448404553,7413.567695637497,20446.137160821025,2902.203609633477,5026.1258387460975,2326.7397905040607,4163.659710737699,10979.243267055153,19174.2005510763,4603.833810801405,9208.623001154232,4262.917388214625,7605.462136938476,7906.631857358881,20171.847350220087,13621.638889988837,24974.32102921478
5,39.736,-105.033,Knox,480.99874592603913,183.91122430157972,834.6802081995835,121740.90335675368,1277.052190544932,2377.946614668886,316.1044434001485,542.3112911618567,57.47680926618355,106.2656412825683,266.209811700397,1114.9418175477792,1228.1211953656316,199.43656250546965,418.84514473216586,472.01886465671885,133.78543983009087,157.70564472086016,286.8802675797801,367.00029593563306,747.9415216121462,113.1793778178523,1416.0217966768,349.2635108488246,674.8242544949951,263.2285307174581,1641.8288356178216,320.3163763191825,2895.8362878719904,1.7594715713098465,0,1147.3671575067174,439.0369150081351,1991.7870054873026,290642.0762125654,3047.5870582177427,5676.874757897207,754.7048374502453,1294.2369745062995,137.219183711094,253.63422272840543,635.3713557271931,2660.8106767213,2930.993719375451,475.9543911296748,999.239334594428,1126.8274167807003,319.34715424245934,376.4118695980419,684.4875442150385,875.5106283405081,1785.3000483807916,270.18304265415117,3379.2817064129763,833.8875211175285,1610.7917805862014,628.1364757511025,3919.25120167092,763.9062309612212,6911.489135566142,4.190444314676536,47114.10775132081,93767.50192361744,8788.740335003038,17390.859751607564,5273.849014551697,10518.624090470461,21064.405694063444,41257.06744749143,9204.894207564095,18820.156122591863,3909.7759708920858,8218.41526272485,12213.570265253838,29147.163778057875,26268.59151061296,52724.58538441142,24158.76505734872,49024.51192324632,16845.978197575132,34322.44475894746,20132.189581776227,35042.04146527083,9925.198739545483,24944.009453427265,67915.0658832053,107691.31051741405,5142754.673438499,7425684.4050388085,2141.749762894635,3538.275091545511,8056.502148982974,11105.638676857889,738.1150689939864,4146.820813026653,5408.81177606382,7370.318507947919,17792.077618301275,24107.826439594402,3068.6729903173327,4316.89954758272,23175.901572750874,44792.7847770173,2111.4958786874267,3535.71732952587,7605.253758519733,18853.34797851466,2686.612779832016,4935.8306197279735,2288.183087046217,3864.3733859012737,10442.127920975314,16852.76732819334,4160.551084011871,8930.019506106431,4043.700029016759,6793.42721527372,8182.335607576806,18406.336144822475,12882.070086486638,22850.73130266896
6,39.735,-105.04,Perry,603.0235419752763,231.6668135519889,1048.8815583299229,153416.43225928137,1605.3417953480996,2996.032503400138,398.48991353409104,681.8937325939683,72.43180771104367,133.71141645705364,334.91088232106387,1401.842907017072,1544.4070999721423,250.75202002823212,525.5330048367947,594.6306499706633,168.43269570901424,198.44015890358946,360.20452945825366,460.3443778968553,941.4985291202169,142.5641929550701,1780.2128739647621,440.33940243380516,849.5216304395266,330.7719218804327,2067.6406823419197,401.01927824781006,3642.8600433720935,2.1844513436663964,0,1144.2571953990062,439.59547163565253,1990.2875869638005,291112.7746855434,3046.189364986906,5685.071163947131,756.1478435181994,1293.9160011270744,137.4417603625117,253.7218528596843,635.504520533328,2660.043466825564,2930.5637570628883,475.81028468355237,997.2163279635572,1128.3314041189058,319.60663322393594,376.5467910884051,683.5000558980146,873.5187436372966,1786.5247231882672,270.5202902373246,3378.013043576399,835.5586383943172,1611.995503680316,627.6507056554701,3923.416854538747,760.947397054668,6912.447900136799,4.145068963313845,47114.10775132081,82304.6926377797,8788.740335003038,15172.883767582143,5273.849014551697,9199.68621769388,21064.405694063444,36399.87476787934,9204.894207564095,16442.005252660696,3909.7759708920858,7110.974140590237,12213.570265253838,25200.213500079062,26268.59151061296,46277.16212731998,24158.76505734872,42972.56018598414,16845.978197575132,30126.78357239118,20132.189581776227,31304.214820393256,9925.198739545483,21496.91071339826,67915.0658832053,98112.09410443984,5142754.673438499,6984453.249034382,2141.749762894635,3412.1570802242495,8056.502148982974,10611.095520478511,738.1150689939864,3215.697513738442,5408.81177606382,6999.389706322223,17792.077618301275,23161.423451194,3068.6729903173327,4224.767431231123,23175.901572750874,39662.52288519971,2111.4958786874267,3262.6481173203697,7605.253758519733,15725.714826435058,2686.612779832016,4566.121536530833,2288.183087046217,3454.203874069759,10442.127920975314,15647.685210828904,4160.551084011871,8073.228583036644,4043.700029016759,6378.680864367364,8182.335607576806,15841.349261464664,12882.070086486638,20558.52550641467
7,39.735,-105.053,Sheridan,740.5528582341042,183.68348782294882,1369.3716624321246,122653.31710309547,2064.0570560965207,2744.880079261714,258.87197713687385,859.9256909257001,58.918536753057694,126.84602292404875,399.3351449136989,1826.7178841309678,1968.450610721678,292.10179130589427,714.1269935479938,685.7392059731251,253.3964710560823,190.6747469178062,331.43386694798994,632.6230173135675,1194.0948668174,141.73272659071043,2279.802230396543,279.07658522370195,948.4600529243083,477.8671077341695,2256.865573504202,537.4989409267569,4413.444327831422,35.512201845690356,1,1132.65791097549,273.9782398970494,2101.640192547363,183091.0495989335,3165.882685230541,4135.940489968998,379.8689774661972,1317.8733692791243,88.06311774951877,191.46680734398296,610.4467760495581,2803.6855831774046,3018.30868496036,445.9328640515237,1097.5547064893744,1046.89483278885,391.3629639102767,288.0426890600544,498.941721461929,972.6966389356685,1830.988944241736,214.62310178295593,3496.2446849841895,408.5881741748211,1445.2889685160912,736.5786192114591,3435.321980624959,825.1678378612742,6751.7438888482775,56.74391987752408,50979.83696888101,78964.12631689962,9584.724113416847,14655.632394693619,5834.927254771569,8924.37939554106,22682.106694213748,34794.35688986676,10153.39139126959,15896.916537577825,4319.696919582043,6900.490027064844,13202.651488946733,24096.068574253844,28426.89327191149,44340.58903346385,26197.318779673034,41174.53707889931,18299.20756453015,28841.985451186985,21148.577682966614,29831.38739413027,11004.416394923202,20690.449766686826,69548.54147543144,88026.8947130659,5215987.208756189,6111693.802341407,2186.508632796336,3165.4571423548387,8185.853813737238,9186.836497949731,818.0360016179098,3110.9809934237637,5489.339651977815,6055.559561054472,18101.06726295735,19971.060341994787,3091.383472937874,3801.125623516414,24852.501281504843,37799.84374720143,2170.3945872910945,3005.4868573346675,8442.061044241571,15411.782892635601,2904.292706862527,4408.210850701394,2461.115368528889,3351.094056459031,10860.17905751646,14362.790246656761,4192.753875048337,7698.756292357415,4195.38220159373,5792.158844761241,9141.885107702974,15329.91773381373,13540.221586510772,19464.43915605302
8,39.737,-105.066,Lamar,810.8867755444863,83.66746942013783,1600.188108065056,57831.03127184713,2377.6461001654234,1925.3069047615734,14.326621476050997,971.9180009352996,29.608351050505394,95.51080984033999,425.2141254091936,2132.1833188757496,2249.0885501203256,302.38722395451634,864.1818074353961,703.3416036642636,333.9057912018286,147.27766877380424,232.47331115138752,772.8734732280311,1359.3098456477187,116.90523124457613,2616.2321031465926,0.0,932.5675472810796,609.5499884010497,2153.577740279986,640.8775340286812,4783.754421663268,77.74579921003674,0,1118.464517992395,115.40340609674183,2207.156011124215,79766.9396853064,3279.5118622971354,2655.5957307056183,19.760857208346202,1340.5765530142064,40.839104897248816,131.73904805564135,586.5022419437154,2940.9425087941377,3102.1911036142424,417.0858261441605,1191.974906807443,970.126349881743,460.5597120025222,203.14161210179893,320.65284296743107,1066.0323768662497,1874.9101319278877,161.248594820105,3608.596004340128,0.0,1286.3000652152823,840.7586046911032,2970.452055558601,883.9690124533535,6598.281960914853,107.23558511729206,43495.170764212715,72588.88154018977,9164.37405094111,13648.698145363503,5284.53490273584,8220.487889618093,18174.415436659103,32023.99130324051,9115.309029647096,14564.129722334097,4093.2986922469545,6269.416472552217,9068.82123640864,20993.62260022486,23152.623907114612,40704.29301226534,21168.40211149029,37715.1564594221,14434.81590785851,26359.41789188229,19193.314775350314,28550.451008615422,7825.91052183081,17927.178374820487,28277.818461720417,84520.75740187474,1375357.7281203445,5953609.73381525,2184.657038635179,2976.6024030850103,1572.2316653672356,9016.141797480712,315.31736621343117,1748.4160094453546,1106.122036975458,5957.302120336034,3203.626426990731,19655.701340934334,2092.326247870725,3756.1893235347443,19451.313733160114,34854.06724663175,1276.8982965010152,2830.075943391239,8063.503783601616,13462.410007043836,2710.0827623228347,4110.188156886527,2363.7090509771806,3210.1996370223774,6131.195764788812,13808.684254017931,3075.0338903129655,6925.832600083694,1817.785343495022,5383.158415707427,7633.025992743003,13725.774371815583,10541.389443916096,18298.21693142492
9,39.737,-105.082,Wadsworth,917.5287488997594,96.21203595612717,1807.317841245144,65596.25067884658,2684.760550487695,2177.7087692377695,16.188508022525465,1098.1112709335803,34.284669090771175,107.90972708439718,480.2677203117343,2406.901104005451,2538.7825059205566,341.01077975794976,976.970033833923,793.088761730977,376.7487837585855,166.06261642570675,262.0450738782968,874.1172272116432,1532.7838767938076,131.88140191510558,2953.999447625148,0.0,1052.872160168825,689.0077798391951,2428.02254487803,726.6198528787993,5400.589759033661,87.51905971856998,1,1125.3487515838153,143.47046857992166,2161.8919513125716,83092.58211519882,3200.716477718916,2657.730524255752,19.487597940694272,1319.9598829634806,54.97880947898052,129.67485935383118,574.7141459862227,2858.0188893922204,3013.1890705988208,399.34296731951247,1183.9982387772466,927.2628480778163,444.40401552070415,194.02688951641017,304.8507749162406,1065.511914584652,1792.506974807568,155.17018120660092,3518.971356515951,0.0,1252.6834590034969,833.4052055578112,2832.9225584881983,915.3024247934824,6420.756242646668,99.88495373972312,39474.649186414055,66607.70854704267,8307.547029383775,12777.170940692127,4973.947812292049,7522.372004015893,16461.034593963534,29239.425174811546,8408.322441641158,13321.792111559087,3736.417250481586,5720.803087926835,8162.186512006631,17856.087638432673,20981.785340779305,37081.072093259056,19191.776754496394,34270.77325011627,13091.564755943471,23862.621076283973,16925.951837179313,27393.547350910638,7303.944535316576,15150.579220216914,24135.563347769403,81244.8204430001,1103553.6035387658,5806382.000366657,1812.0540379781419,2855.640835156781,1156.4416020979497,8804.831286486615,297.84536137541545,874.0201341409161,907.0312147122113,5831.13873638424,2565.6041910108497,19312.891994196565,1674.697754762248,3720.5041531539414,17544.325457392537,31874.741389890238,1083.2908634290052,2635.3162150786934,7447.76428444976,11761.618358808319,2353.255382358318,3787.464598434404,2171.290825513358,3059.0816406521462,5379.062915449706,13009.886535836871,2256.29073015601,6016.505021608305,1516.01778174042,4963.901639553935,7080.4104132576795,12206.908336286057,9380.624180705852,17032.516838525484
10,39.737,-105.1,Garrison,1099.4302537121118,455.59142233299576,1433.5638374484029,113862.79774565475,1985.7405429389644,2432.669685153349,14.485671424072713,956.7087935795395,213.84611169293203,93.53868222563014,383.93681697208365,1627.364701292802,1697.4329523013434,155.96907346847632,980.1647414715649,342.83884479726987,215.20712054112394,70.04808005964897,92.87434291923728,959.3158896935142,668.0488115992879,70.06825100854135,2148.4487226382207,0.0,744.9435447742659,669.7580221830511,971.1423313710533,1192.7642373677313,3757.721797121983,5.2207828869534785,0,1207.3777884618644,477.9033539428812,1622.5483653879146,122719.25106856482,2261.830627674214,2683.167641768605,16.23157906134872,1074.3020961618743,223.46035984722016,105.07903341395205,434.25317161947896,1869.943086377823,1952.685972978445,187.9280579441289,1088.952307037159,416.52309418877525,251.9009278641114,85.42047673839731,116.56134433445013,1059.3103499335004,810.6327364443225,82.74288660062253,2451.0494965264584,0.0,852.1250244236325,745.7858299695718,1194.1908046633973,1288.6554788744556,4305.449796803227,12.298557325309924,37691.23762817877,62546.674790463905,7891.652189434256,12083.348595275234,4812.013930232938,7048.832290107633,15774.743379522537,27340.259390138224,8074.492113350372,12499.044744036642,3572.4570841839877,5381.173916374346,7866.968155593688,16103.700862753454,20110.257975536595,34569.1255585283,18405.859898329774,31892.13536942832,12578.070558506812,22162.36194130172,15913.710288708317,26190.05498429732,7107.620106876471,13610.222152561108,22668.814987471043,78499.38387182131,1028446.5076698957,5674396.936039604,1596.479909272408,2849.19528091549,1090.981364060151,8636.5754769891,296.77593358288044,825.1553839133684,871.5712405386835,5730.925394959317,2452.188559328851,19039.87101957256,1479.6116111345527,3704.960114705377,16788.240008070312,29847.96084737089,1013.4966285477757,2507.7014572326657,7190.482471835164,10752.450674917838,2230.496328909962,3559.0500365963644,2088.8323141415826,2924.7442784545387,5087.953413187029,12366.517132173205,2079.9477157343217,5320.352209557802,1418.8687096396116,4734.238204635873,6855.042577399257,11261.433581866884,8919.70080212328,16078.825808271336
11,39.737,-105.12,Oak,1105.741770603109,465.15995646466763,1419.049608391361,115306.38506822578,1963.6812893945073,2438.3313832006324,14.600494398454954,950.6050357488256,215.10652657013387,95.91347804579092,380.37432095678935,1604.2786883271174,1672.640288082878,151.71238302643306,977.5782829843197,330.1859009068553,209.3254304418831,69.83951966340396,88.72057993394704,960.3019458349377,643.9767424921797,68.36159975576041,2122.4056806062003,0.0,735.3812443806283,665.4221137586633,933.5602347192181,1209.37807723793,3713.6405443945278,3.372371642517434,1,1143.750511270024,481.13766741187544,1468.0234459309809,119267.19366237054,2031.4046880067701,2522.255224076015,15.099652067497596,983.3865969737748,222.57115663797578,99.15544927955757,393.4964071249206,1659.614955657644,1730.3362544063036,156.9357972952295,1011.2825981698958,341.60488429987794,216.5789906759303,72.20034188862459,91.78154841706493,993.3738884095719,666.2410672480722,70.72129874865945,2195.6266643297076,0.0,760.7487620273318,688.4099632766402,965.7947336757114,1250.868468319797,3841.6096538619904,3.488267045775659,34751.47929941885,58636.7186099934,7162.2847618474825,11269.301255538401,4591.067889795679,6646.970221028789,14656.172918840688,25674.491933318583,7570.53702914616,11721.511511553894,3303.652635100671,5037.969542000578,7541.553360879782,14886.024837596644,18701.26761984102,32285.726988556184,17156.83087868737,29733.81438442297,11774.109604453253,20660.383544143187,13941.64959755366,24668.486715716877,7062.2744658738675,12552.677777080016,20199.855639509726,75454.4465452087,903971.635379436,5523275.3797346335,1137.7582167939277,2849.19528091549,1006.030896785293,8499.17127756619,295.4372360659023,823.4253718323715,818.9644039629488,5652.392327914182,2352.1950028662245,18786.13911959071,1076.8738804738978,3690.542895305511,15534.846086596252,28087.995365305935,878.6731677555665,2413.503431987352,6859.0617863972275,9792.807756176888,2006.4987658256077,3367.0449244385463,1940.9442775090538,2786.2077659163897,4523.566305491129,11911.151641753268,1723.232149800326,4761.154568666786,1251.6239910492527,4584.3324634624605,6606.480402833815,10446.83797891345,8049.69251600687,15227.65395440513
12,39.72,-105.129,Federal Center,989.0812236928945,308.98964465607287,1453.2293669550158,73232.53531769037,2038.5537223243155,1633.4755922261465,22.710482620541494,948.4971837054943,80.52787591399527,129.35166475426354,409.9209486899571,1617.7010001503022,1676.5997087539697,217.67992703051152,836.8072857218376,418.05113654114575,172.93228148267167,151.68217257697168,32.20279103646568,959.5495001261679,658.1515000241341,58.89870860366783,2158.301761298528,44.758869901700855,795.9837784138084,561.0782402198719,1016.3881011903865,1079.2176553777197,3865.7292175602056,79.92093262392349,1,989.0812236928945,308.98964465607287,1453.2293669550158,73232.53531769037,2038.5537223243155,1633.4755922261465,22.710482620541494,948.4971837054943,80.52787591399527,129.35166475426354,409.9209486899571,1617.7010001503022,1676.5997087539697,217.67992703051152,836.8072857218376,418.05113654114575,172.93228148267167,151.68217257697168,32.20279103646568,959.5495001261679,658.1515000241341,58.89870860366783,2158.301761298528,44.758869901700855,795.9837784138084,561.0782402198719,1016.3881011903865,1079.2176553777197,3865.7292175602056,79.92093262392349,28212.782968174768,53257.739869450714,5637.938876912961,10012.454662386892,3997.067437197788,6159.311439833356,12139.388194275834,23606.348191707195,6346.332005390335,10713.957420831486,2702.53194107921,4543.179783407796,6457.531072978467,13996.960931238735,15505.032949199453,29652.73627539971,14274.43689279434,27357.316411059946,9890.547837923747,19107.03497791679,10232.18007959392,21621.201236617657,6340.938811306874,11958.998908412457,14825.8765214407,71022.04558303095,628814.2997634008,5296319.191334229,348.1553035112981,2210.828481182231,766.0538390456711,8302.837267908439,291.4933131509261,820.2381668411446,689.0557869857216,5546.103367892142,1936.6169650126562,18444.380211317057,362.2795235396582,3112.479241399013,12762.31779125848,25811.82445686257,622.929596982644,2205.4762651553765,5914.6836368282675,9006.915536074803,1556.310183291906,2999.7417116106517,1638.726141969949,2538.325632016663,3456.916790863748,11043.85039476657,1076.1473527622925,4229.151261943305,895.4781874248029,4295.275584601191,5779.135729001326,9762.239783296438,6360.252465274508,13844.108408410752
13,39.725,-105.152,Red Rocks Comm College,491.5270367318528,201.96859089435947,519.1204821970728,44985.94156613707,736.6686896515059,821.3593865538598,8.708333030302125,354.1612291473439,33.91502605104191,62.640624226091916,143.39533113627277,582.4480948880612,603.8375942042617,58.22672154120865,348.8034132191753,128.60450408473025,49.634258480361545,60.413913290285706,17.87142214095388,389.35505990203103,193.09303498603015,21.389499316200386,780.3041982603555,24.319848385895263,272.1124450363247,200.74998809419307,290.7283916639282,582.1680335088465,1422.7273321545108,1.2652198793534506,0,491.5270367318528,201.96859089435947,519.1204821970728,44985.94156613707,736.6686896515059,821.3593865538598,8.708333030302125,354.1612291473439,33.91502605104191,62.640624226091916,143.39533113627277,582.4480948880612,603.8375942042617,58.22672154120865,348.8034132191753,128.60450408473025,49.634258480361545,60.413913290285706,17.87142214095388,389.35505990203103,193.09303498603015,21.389499316200386,780.3041982603555,24.319848385895263,272.1124450363247,200.74998809419307,290.7283916639282,582.1680335088465,1422.7273321545108,1.2652198793534506,19015.58421868008,42553.433239608275,3756.9112767075726,8950.077410171334,2909.650341062569,5306.266230764137,8180.486991269117,17706.52320706026,4514.488313529336,9048.25421172082,1877.9826707563172,4025.6157521654427,4906.091439199876,8963.420750714842,10608.998615656315,22591.224750950514,9832.733736532397,20678.618745706135,6920.988067426568,14098.109361147199,5821.736765809732,18222.450150968023,5162.562336351437,8059.483188560295,10155.689537417413,26411.442115845857,448329.9513884582,1224424.9187416038,69.07871828759612,2005.9036420856232,543.6970062812824,1316.8847294979394,178.23531209519902,299.9858212294938,600.5288991821585,970.6407398725148,1669.2660077695696,2858.9063871081894,89.08092492673336,1873.953257895897,8544.778630416475,18884.96447970025,364.29163914735744,1178.4412726399887,4336.374835844877,8049.5683034874455,961.8211680314955,2559.8419192230226,1051.423879712038,2301.145574674194,2067.835981226359,5758.4323616392085,512.240174662915,2586.9688621782025,557.5257717331924,1677.6093145288212,4373.639238459728,7668.465129809049,3806.8477528093895,10038.058077251213
14,39.727,-105.201,Jeffco Government Center,302.7824055601489,141.34435746534666,288.7069311895702,35346.041011903646,423.32894173540757,652.1447210456545,12.387435430836607,206.4048004145526,22.84868986328432,54.342829945108654,80.08753268948028,341.7934026053836,355.4855811534655,37.22228320691612,216.0510786140566,55.06683316538048,27.57600500741211,39.479469717175334,18.525964754014314,230.99961569143366,110.79378691394999,13.692178548081843,445.53880522786386,0.0,155.61810393372025,123.63419696759439,181.89516198711527,372.4144799804096,855.1755684151894,0.9369453438811838,1,302.7824055601489,141.34435746534666,288.7069311895702,35346.041011903646,423.32894173540757,652.1447210456545,12.387435430836607,206.4048004145526,22.84868986328432,54.342829945108654,80.08753268948028,341.7934026053836,355.4855811534655,37.22228320691612,216.0510786140566,55.06683316538048,27.57600500741211,39.479469717175334,18.525964754014314,230.99961569143366,110.79378691394999,13.692178548081843,445.53880522786386,0.0,155.61810393372025,123.63419696759439,181.89516198711527,372.4144799804096,855.1755684151894,0.9369453438811838,9857.272662524432,38546.41319659396,1959.0955717644817,8047.270293367976,1550.8845390403226,4935.648127200532,4146.221185970864,16116.536782127921,2459.668249016216,8280.896913764926,1013.7781334724995,3652.544616873468,2889.132436588005,8169.750561153836,5506.550445392948,20555.79678076446,5162.232643105735,18829.18884006518,3680.1063887330197,12866.777489696382,2422.5718895606483,16095.605450695432,3243.178246104906,7480.034586856881,5545.311083026293,23320.959708516697,268870.9029639569,1063792.5486817993,69.07871828759612,1596.479909272408,342.248596971255,1145.3241940052596,85.49546948967556,297.7128789267616,352.39811839845544,894.4199304019678,1117.4625494804468,2593.5329167941977,58.40674548013517,1491.9990465653893,4308.563172194575,17143.725589223777,162.34198622371045,1027.1888070958576,2379.240060539389,7406.5335504492205,464.8413148050693,2267.718612116878,459.4679754123284,2116.408319148995,931.9083746981117,5143.020246352409,157.32075786538093,2098.473680488336,321.4150752478367,1458.3481793567869,2540.20612155457,7086.042193090691,1606.015064416294,9030.49458903723
15,39.732,-105.006,10th-Osage,889.063906357909,341.7589082736574,1553.3485662263934,226956.1884004033,2376.497973363023,4432.40096217774,578.0636539064986,1007.5540907224079,106.2889600220389,196.3340096577516,494.7897585927819,2068.1437416113904,2276.170908443366,367.3032128278944,785.8922201020828,867.3012469866952,247.88213389972648,289.05687886127004,532.00330672348,684.5981956170118,1383.5455459943785,208.0271668319755,2632.9907131564737,638.3667997332583,1256.8465931515111,487.6587811954327,3047.285479099217,593.6788686675575,5378.978740542676,3.187204991227015,0,1133.9349461732963,435.83233920368707,1979.2701098366467,289254.3221831095,3028.3824974702206,5649.006191262427,739.8792924193932,1284.4521149636018,135.70149673961643,250.63048616972404,630.7877259869141,2637.393043512061,2903.311552454824,469.1266137501746,999.296514286284,1108.7641674681408,316.2779534096488,369.6378921541887,678.2723186856551,871.5312067553932,1765.8618367566678,265.91850894276297,3355.885504481823,817.1763483496422,1601.8136309390986,621.9760322057033,3886.8966859705088,756.5216116372563,6858.24259117195,4.074249749376178,76485.3398951146,143932.89473081374,13051.482034302751,26626.814309523368,7909.177518224144,17585.046524643203,34820.98548698628,64122.46861384087,14731.72925070471,30402.903867273802,6312.977691720855,13128.417257860205,27194.395414830316,47778.02713831016,44674.58611010566,82660.96872728896,41769.91706671172,77172.44785661393,29566.580916262694,54665.18311651165,27068.08344167691,46991.37185398145,22435.857988141182,43173.17689687306,126323.7136505818,185789.66922668472,9422432.361387614,13425307.609817605,2404.1724254938063,3527.540805872288,14508.986302758794,17543.30902209053,4173.934871145867,4662.780234677383,9778.88313381974,17983.807638566133,32215.470437237007,43182.00890358405,3916.749716903342,5309.224051250766,38334.70411256765,69415.74178177278,3513.718625581365,5293.273167931915,15513.11719519529,29062.603746933713,3261.0312783437676,7055.2524031920175,2400.387693587545,5765.378277287493,16899.421764802766,26980.3080269082,8141.09807606075,9985.802858000961,7340.657757710835,11111.167956677571,15609.618623396032,30700.255535546785,19211.366863590254,33422.21307829409
16,39.708,-104.993,Alameda,1217.67602515681,253.731899981853,1501.9783971585325,151121.55630497116,2158.320985005349,3044.9373266126113,14.41721939986563,777.5332324827489,78.5330670451352,137.40419942290862,343.2043743737672,1665.7674568196408,1759.9654820649544,192.00511215781808,959.6429187409508,455.36549041993806,138.536512538149,149.90574117341333,559.1976408910159,814.5956029534335,851.1718538662071,94.19802524531376,2283.3985699721165,0.0,814.0473397368326,401.8620690788441,1521.5682685804436,1057.544375481091,3909.956180470511,1.730012080996879,0,2072.104095545797,379.7375770004446,2288.6336892247155,207169.71120949375,3249.50449281896,4222.170492614271,21.00345206375762,1147.055196837491,127.61602239468226,218.7511471913548,490.09707211452815,2546.9315551515365,2703.513613121051,300.0549795654812,1405.242384599283,780.3982064226639,198.5136194616304,263.4750152924588,896.2955122714927,1251.2663908158213,1295.6651643357154,156.58205796951427,3435.4556098977737,0.0,1101.2781834898274,624.0590375711706,2011.475249905835,1810.3987610328418,5725.388247420807,2.9574016744070284,83425.96687117606,142492.60344093808,14036.04585535786,26445.31086939318,9361.409671342273,17145.337254985043,38338.59567826137,63424.108696360854,16589.053392302536,30039.06443868508,7003.335350008782,13042.621211545034,30532.533064127918,47634.095466962535,49165.03619720458,81852.52108056023,46073.67910474961,76465.50882497051,32786.57519749588,54170.683842182305,27334.284285292193,46334.591009164236,26005.434257904635,43140.37225754435,132038.79935674867,187052.8756339425,9880824.408929305,13582209.692624215,1977.3091061374103,3574.2209155030787,14916.951421162681,17718.01466613781,4229.434847423315,4676.116721849763,10993.142910813947,18186.626682399758,33809.87265491702,43267.52765878021,3563.84874202043,5333.682482269819,42002.927161929794,68674.84191869863,3664.3314836684212,5250.733222337775,17290.746170912054,28578.07138661314,3552.811516157283,7000.844760084688,2701.3756565839476,5600.665759230555,18140.019057387584,26944.90729136469,7853.043555701662,9900.14491223219,7749.115631391345,11364.963884849842,17896.161053158514,30305.243042713202,20442.434625102862,33118.86565364765
17,39.701,-104.99,I25-Broadway,1752.3867756792183,273.02097462400246,1700.2591349822542,131985.06432705262,2378.637880687948,2745.436571178802,15.544038448564653,822.747367522444,100.21334142492277,168.25580949751605,339.6291715524899,1899.1657846733199,2026.7805425193476,228.41456183803948,1009.1676838904805,643.3694036636663,134.33736219760766,229.66343491806137,696.152812050503,945.4747544191731,953.6910302541468,127.61475784602793,2511.946534730757,6.445554241291075,693.8223454168925,473.5397139082608,1203.4923666133177,1540.3570676558063,4061.033756578762,48.8647502275477,1,2651.779584856342,416.4656310147326,2598.9393991032584,205186.68344006213,3643.0226486499796,4262.418158876216,24.53529990036069,1267.9321798754377,150.41717559706947,253.4573800587474,528.991148741952,2900.744586657288,3093.058771234591,346.8428454333161,1565.3024392570312,956.8624172677345,206.32886710699702,346.3145882054218,1048.8970669638265,1448.4198437068774,1452.3247429504104,192.3141845773034,3847.1593269387367,14.609922946926437,1086.9494640741534,721.1933189184142,1885.6983630285285,2329.7255621716145,6262.871898802251,108.86547304739683,81287.44801271046,141026.95324877984,13920.225459677924,26261.434541425406,9211.323943922398,16700.174296613972,37050.61421150641,62708.30823787179,16305.341713277827,29673.606867264378,6943.554891453479,12957.222212586417,29362.857719608717,47506.0407290488,47644.572642358566,81029.77529923314,44627.15762459388,75747.99325341007,31673.827314460876,53670.69372734741,26744.168627188574,45637.83023678634,25135.6623073957,43141.66992197035,119417.86664018272,188188.5893270997,8746956.631558454,13726399.771071395,1977.0296422089748,3624.9268251430954,13073.002997291109,17896.204897675296,4085.7405150410104,4686.685760573897,9551.988023703621,18366.974351637407,29235.721812079515,43326.62400815362,3282.5441597531712,5355.9797917243495,40464.83784666216,67914.3911539123,3414.2236351557435,5206.082916040504,17197.856890148905,28099.991682965036,3500.2064696770576,6940.628312095782,2669.1961102111745,5429.734311533089,16779.889915283908,26894.77184412687,7535.708463723286,9810.459340584017,7075.702597462447,11619.728049453932,17482.933228581707,29914.474341264777,19567.6809829247,32793.83389660701
18,39.678,-104.993,Evans,1410.44584236693,291.2350777242846,1829.0875214528792,198523.8696454868,2668.2082905768198,4013.1052544552927,25.551067355103044,1025.5195766716392,72.16534300106598,134.14817367555804,496.5265846215502,2012.136051508378,2109.204228887432,215.24947793255723,1371.0067190391271,340.2980530883936,166.22749238265934,166.2030041728068,552.3591487110713,1040.7251824612217,971.4108690471567,97.06817737905352,2819.6529221301216,55.64661828314628,1145.100004861656,471.59193593777434,2049.8891432853593,1219.6247968870766,5149.966446895661,402.1700565900785,1,1410.44584236693,291.2350777242846,1829.0875214528792,198523.8696454868,2668.2082905768198,4013.1052544552927,25.551067355103044,1025.5195766716392,72.16534300106598,134.14817367555804,496.5265846215502,2012.136051508378,2109.204228887432,215.24947793255723,1371.0067190391271,340.2980530883936,166.22749238265934,166.2030041728068,552.3591487110713,1040.7251824612217,971.4108690471567,97.06817737905352,2819.6529221301216,55.64661828314628,1145.100004861656,471.59193593777434,2049.8891432853593,1219.6247968870766,5149.966446895661,402.1700565900785,51551.67365738445,120001.92782106802,10138.409070017278,21567.325276922977,5853.984242695593,14079.839123461014,21956.508977663325,53988.37985199882,10733.242721139079,24567.789816632878,4753.003307663224,10549.212221405274,15220.520718949954,40741.43579158635,29029.04273092178,69216.53387252036,27050.30487822818,64678.48982725714,18825.5716895362,45754.73084173544,19263.055448772007,40639.16546581669,13528.301810238594,35616.25987623008,46507.11555296231,165172.73153169523,2743286.7684234716,12101918.882420246,1727.1263604603992,3527.5408058722883,3326.632115492538,16528.405305110282,1461.3803567993414,4478.830158761572,1949.3183712635266,15377.428836548046,6866.4342700656025,39522.78805920445,1790.6380453541854,5103.610142912695,23597.621512155656,58793.42566083685,1641.112534492332,4805.045808838012,11267.274040184413,23855.998835768747,2711.2234331375494,5793.632047750239,1751.0956304560816,4542.473951032551,7499.745541353772,24121.951830366907,5101.36755429455,9526.676435007126,3008.7233130946975,9875.434756518423,10697.028335200539,25037.977908486322,11259.480642462786,28950.40194351251
19,39.655,-105.0,Englewood,628.2369541516714,386.1205982405273,1358.6740452308522,189896.92710548645,1991.9458994919332,3937.521175260014,18.835600607022272,824.4833109729914,62.650997314264345,112.66566135676402,365.1460039129298,1499.8835926202087,1594.0684426455389,93.74155081296254,904.7796956429435,435.7470361875267,72.63834279153154,153.30042405316456,169.41937667243423,803.0859616429581,696.7976309772506,94.18485002533035,2163.47845020328,1.410340899267784,789.4343814912743,399.27127675762165,1536.4265193589888,523.9447742879213,3729.346733973406,1.5007734219888869,1,712.880853148971,438.9916728499965,1542.5823604060681,215677.3466341498,2261.456088269107,4472.755272234046,21.367390633618946,936.1329702539886,71.18153307955403,127.9704461121367,414.5045049719856,1702.7917374544788,1809.8180089660607,106.2408385118362,1026.8530309793884,495.3011241104448,82.21808883811354,174.35305643648644,191.63526393284107,911.9529327866151,790.838804667864,107.02627151158194,2456.3449721987868,1.410340899267784,895.5642823359077,453.37403300165147,1743.1437536927333,594.355907730299,4233.08171358951,1.706053694415644,36786.6854334041,103543.39978681899,7620.691025863719,18164.78482720436,4369.22445640259,11913.732893075776,15270.59603363815,46854.36175352494,7884.668578127915,20906.12831184911,3493.62903661081,8906.308167601746,9580.679070198688,36048.85918491469,20518.105953463702,60108.51656325459,19094.60451519212,56221.12961436007,13181.60511862157,39857.305324727095,14075.233034969315,35057.20194535069,8841.107688900503,31091.224965166395,28182.364702208873,149691.68791430342,1406509.5221341876,11054050.91772285,962.5420056198266,3248.464220648586,1212.6318944742845,15813.29399956019,463.53073646285515,4300.412762010519,646.318993729693,12917.745450530725,2493.2709872543774,36683.119212276986,904.9742411198948,4737.50667425515,16244.790647444026,51201.71070838007,974.1946138058746,4347.348954855133,8288.00754577841,20803.18808261317,1815.5350873502623,4844.088115300376,1254.8153325309383,3615.347196692837,4535.315505576733,21541.144288874355,2980.953102842024,8948.92167652907,1640.763042290195,8992.234332375803,7724.760132632726,21779.727128615552,7545.835901005426,25074.634624909384
20,39.643,-105.005,Oxford-Sheridan,643.720408340807,402.08674387873634,1398.6304641476493,196061.17372638927,2049.636309607916,4070.477796315111,19.254369529999884,849.1003499941392,64.87508292090051,116.3935311227921,375.3734744407185,1543.1249670169277,1640.7845169753955,95.05760813008953,928.3728443653999,452.9113409263937,72.85437119459417,160.1061538395486,168.95275605603504,827.9378897899951,715.1870772269327,97.65954995846788,2227.2622050918785,0.0,807.1223551629681,411.4537344608985,1572.0932527062068,535.4796282802671,3830.925685315743,1.5611650970270177,0,711.2932688848696,444.29474461738823,1545.4480266824855,216642.18091313733,2264.791502329189,4497.765520790178,21.275546441988823,938.2324309327504,71.68517449823261,128.6116365997703,414.77731982399837,1705.1104607921854,1813.021565718669,105.03603108297186,1025.826347365083,500.45452036065603,80.50206761833608,176.91287717077194,186.68812823871275,914.8484970055194,790.261963786666,107.91110492648386,2461.063210046275,0.0,891.8479062574233,454.6450104540315,1737.1196162499523,591.6901969947703,4233.067055597507,1.7250443061072018,34918.73654383014,92348.78219590083,7194.136565792636,16315.274662269367,4174.14083077605,10569.685057929422,14542.407098245054,41526.86566478125,7526.331660958437,18653.96207632801,3324.7146560402766,8007.830881062341,9272.151237729473,31812.8114871848,19613.98234994526,53379.517789566176,18279.61181999729,49881.11824285952,12647.330767822641,35233.953917704675,13046.94265702325,31590.364337900308,8612.966274331075,27416.79858774269,26654.892190309933,127089.11582755855,1327416.0951149417,9144896.777176626,746.9678769140927,2807.8453542863454,1147.0610972056104,13453.235390429498,462.46130867032014,4091.2962543724393,610.8060432580373,9747.30203813553,2377.55602463177,29877.152730568727,709.7498984536054,4028.312667478443,15446.548353972335,45292.191015385426,904.1412557272808,3765.3253506041538,7988.6978747837,19167.939478783737,1692.7046310652988,4210.811263457716,1172.3568211591626,3145.9569964431385,4244.191031751539,18380.078136767777,2784.9972072991955,8251.947806040871,1541.4857049950358,7626.6616690133305,7457.73642413974,19487.863834580497,7084.670674105313,22039.001830200774
21,39.612,-105.015,Littleton-Downtown,1389.8635043001336,213.42004164904645,1672.574128822991,116492.9866460985,2351.814014921413,2238.814600610392,23.545050972919242,1123.4445453225048,63.697572803002075,147.18625783646635,460.8710924103722,1953.2397315553417,2049.221761706187,250.98472238201836,1026.0701131520395,540.4830445130547,172.3692013929625,206.72082945428212,52.79462214485943,1182.950317449669,770.2894141056727,95.98203015084503,2510.858765053266,22.26805500706322,852.524129395548,778.2109735525053,1065.7766054275767,1599.2769800265594,4487.965001910139,1.9267213621945238,1,1389.8635043001336,213.42004164904645,1672.574128822991,116492.9866460985,2351.814014921413,2238.814600610392,23.545050972919242,1123.4445453225048,63.697572803002075,147.18625783646635,460.8710924103722,1953.2397315553417,2049.221761706187,250.98472238201836,1026.0701131520395,540.4830445130547,172.3692013929625,206.72082945428212,52.79462214485943,1182.950317449669,770.2894141056727,95.98203015084503,2510.858765053266,22.26805500706322,852.524129395548,778.2109735525053,1065.7766054275767,1599.2769800265594,4487.965001910139,1.9267213621945238,29539.757803287466,79410.41613952728,5937.289972641126,13738.439653073825,3686.4820495806184,8943.274872836635,12474.263356633663,35926.82566093926,6518.777570236029,15957.051419653304,2829.924897447494,6814.350539938794,8383.087331371564,28127.144195713186,16980.991636788785,46274.846348996834,15903.113846634267,43307.40210644248,11093.982201596247,30666.517786608645,9999.657177924033,26440.19955781124,8019.287405663517,24290.662679720594,22222.491228132192,114992.68996931924,1100459.9067145383,8361614.98631955,108.60107718083432,1990.26983284402,950.7270875478587,12807.604294139574,459.2741036790932,4031.412242164157,504.51708323599837,8388.351971800104,2035.7971163581126,27829.58350238024,131.6862445471067,3258.4039177511427,13170.37744552897,39227.30952710878,696.1140888953053,3300.4838661695085,7202.805654681617,16902.59194338286,1325.4014182374042,3448.139492938209,924.4746872594361,2532.6247117297253,3376.8897847648445,15969.03714231674,2252.993900575715,7555.43361958902,1252.4288261337658,6853.770603451174,6773.138228522728,17058.147845818297,5701.125128110935,18868.677815120976
22,39.58,-105.025,Littleton-Mineral,1340.757821375993,216.1817802596624,1632.7785098010884,116378.32895905357,2304.5504663428883,2172.198503699967,14.538898233631974,1095.9491872695617,62.38167872670748,134.6734546358536,449.17419613566676,1900.9457724398462,1990.3524707301133,249.94838498391917,1003.7656798506761,508.7154159658718,167.5114047619319,186.529238522489,54.11754404979654,1158.3685198062776,742.5772526335686,89.40669829026677,2464.394189607367,22.830508750065967,835.2394165759545,750.5523458847133,1050.4110219521406,1543.0597830447955,4370.563998143245,1.5206248992596254,1,1340.757821375993,216.1817802596624,1632.7785098010884,116378.32895905357,2304.5504663428883,2172.198503699967,14.538898233631974,1095.9491872695617,62.38167872670748,134.6734546358536,449.17419613566676,1900.9457724398462,1990.3524707301133,249.94838498391917,1003.7656798506761,508.7154159658718,167.5114047619319,186.529238522489,54.11754404979654,1158.3685198062776,742.5772526335686,89.40669829026677,2464.394189607367,22.830508750065967,835.2394165759545,750.5523458847133,1050.4110219521406,1543.0597830447955,4370.563998143245,1.5206248992596254,21568.767866238195,67165.50735669021,4429.420287487401,11616.741537298467,2811.080266593513,7202.769344084627,8909.330115140703,30348.80764680174,4918.496970230836,13311.266906964453,2147.091351521238,5639.053720110581,5413.024530535535,23520.58125429302,12185.646532085913,39231.78911561672,11366.15498094097,36776.62927507714,7891.74466945546,26133.898404589996,7274.596542730273,22933.2903313709,5421.38596252662,20255.75799605719,16432.117330340778,103023.30292147114,817353.2860825147,7841852.296828394,102.15552293954326,1919.798439805904,645.0670786274341,12003.303645993861,408.67934137054857,3471.7768704025075,325.7706747659404,7697.476533492181,1509.044241752257,26369.080075642458,101.7249866986764,3117.228701765365,9383.631420944666,33307.77587365537,474.3013058039636,2958.968226853631,5233.995052050186,13582.865852638632,904.9817442415468,3228.9377804753785,651.6008125236795,2002.4099834955791,2278.1548906812404,14119.891561204748,997.6434476341964,7216.097404827772,872.859650042291,6460.542721500673,5013.067871150121,14125.886057071148,3896.2622439905813,16222.921589730595
23,39.47,-105.002,Auraria-Colfax,13.309476056270842,2.299330940608633,20.780153362270255,3986.3311503756713,29.075839028211302,60.72415160058361,0.13819903859420415,24.506588878692867,0.05297629812777825,0.1105592308753633,4.9542142729348235,41.89772095210279,42.15684414946692,0.07140283660700547,42.02785838011233,0.014971562514372113,0.0,2.128265194350744,19.612881121140568,41.655872634562925,0.24184831753985725,0.25912319736413275,32.59623827573125,0.0,10.659620121560675,33.14974356742824,16.048829475066146,31.816986129325173,84.53733133866186,0.0,0,13.309476056270842,2.299330940608633,20.780153362270255,3986.3311503756713,29.075839028211302,60.72415160058361,0.13819903859420415,24.506588878692867,0.05297629812777825,0.1105592308753633,4.9542142729348235,41.89772095210279,42.15684414946692,0.07140283660700547,42.02785838011233,0.014971562514372113,0.0,2.128265194350744,19.612881121140568,41.655872634562925,0.24184831753985725,0.25912319736413275,32.59623827573125,0.0,10.659620121560675,33.14974356742824,16.048829475066146,31.816986129325173,84.53733133866186,0.0,43686.6564151652,119788.48670935021,7688.386502774538,21736.73792306146,4350.90858703267,14233.306560610255,19435.958447406316,53677.59862595886,8427.25432462718,25025.65629077777,3686.7404154423953,10807.784151037984,15783.922851123334,42246.131959172024,25324.325381317678,69351.62043894744,23774.93924953251,64962.743310661026,16815.899894069516,46208.14907053347,15321.770871937362,37941.472609709606,13165.073662099023,37882.88833683798,60928.40722319572,168811.38814129675,4389368.038084142,12512719.907968098,1476.2048967731212,3248.464220648586,6356.945990404942,16765.068393292604,3089.006831304484,4425.927041899206,4331.453622835248,16737.432303505873,14374.110689851657,40927.473958004775,1915.8009140901445,4925.129485059566,21253.493021194758,58411.19102700399,1817.5345737884393,4733.592401045127,9374.446323022683,24156.178983150952,2076.28806541416,5696.2917997652785,1282.395751022971,4327.871082088864,8368.190255751617,23805.06371683585,5303.233007522174,8976.631393721262,3840.821200469655,10154.037347522479,8919.027400254683,25968.062128310998,10516.931047151633,27709.536497647852
24,39.744,-104.996,Theatre-Convention Center,1104.1449258252205,3190.3631091992143,1284.7981212041964,872759.4466929751,1798.023107084832,10085.199391373924,423.64180771470797,545.088715082872,943.8301452677508,1424.2590225287797,210.48411352539242,1605.5178780125814,1862.6791379982833,157.9106858294385,313.9319337994567,1284.8949641721435,103.1098176107282,586.5220196061225,374.4722906792283,511.43152765093157,1094.0863503616497,257.161259985702,1936.5730938561271,246.69993786941092,517.2513728885247,275.3068221528205,1472.8274262629857,806.4609467114371,3340.566320880078,104.71652031467866,0,4745.650655901085,16408.303327279133,4836.526643402321,4182164.116177215,6498.6543064228035,47210.50026127958,1313.23301459402,1476.7818475438835,5194.011525552439,6746.010087293846,431.4098675230729,5821.1387597262865,6842.221476581061,344.6123315982477,615.1417384152056,5632.18817159868,244.9039165133134,2541.72719993837,1396.655767060884,1764.4707298819876,4056.668029844298,1021.0827168547753,6887.060163363104,380.3444926444874,988.7330528852636,784.7825772746684,3625.947933692303,3409.491876816183,10434.254519596114,516.8882347673281,31883.19067758532,107161.86902820124,5486.782652125185,18836.776046278057,3118.961665860398,12661.650105445362,14521.315774670966,48627.63574197504,5960.660458998368,22054.05239217791,2531.5149049921747,9389.752068761318,11771.331042586009,38586.97261583249,18685.619782948907,62540.28666501246,17566.77171342496,58631.4448756471,12481.944245459577,41736.28951290834,11508.215248067596,34161.08146969058,9713.350053633982,34036.864123026826,52078.72452804676,157506.51204427183,3970266.277734003,11768018.10178602,1070.3656878982908,2808.124818214781,6008.235949772236,16172.337055888838,1723.871646111551,4363.387706362178,4135.1381869271445,15216.470141033438,13561.514789809287,39023.770288409374,1657.0810689123512,4431.921630765678,15999.71947280678,53031.4794000227,1478.4036981358154,4403.8436580476555,6305.039787553488,21752.15702994856,1561.8361701745814,4948.391012461597,986.4044774230106,3786.738993065626,7087.242696225096,22138.240370758853,4204.159805275472,8602.564727449493,3183.4995404562196,9339.042181923225,6328.086113389717,23172.137040047866,8193.229661281248,25455.49870192717
25,39.746,-104.993,16th,1077.0937848322603,4292.145299490393,982.1476524397322,1103838.310393295,1267.102948217216,11800.051195207223,282.7353304009552,231.66159783784545,1266.7360828059843,1892.4652408931786,33.532844872574366,1156.1395459096248,1405.3471567347801,25.55311181987755,29.689524602609534,1337.0717060470113,13.013616051135761,667.3503864478042,243.69905464526718,357.5111175470514,798.6284283625735,249.20761082515511,1324.7772369752784,1.9657459145192984,61.70777559689745,127.65098699776581,450.08441894280423,817.4959069891834,1838.4600492662762,145.11289422027866,0,5979.132980889755,17271.143547906893,5999.594357019894,4442115.754460352,7992.519357008039,50207.119038938865,1263.3818423136634,1576.440177062274,5382.88135007229,7462.58161474326,420.92539089722817,7051.892388973029,8188.275316808484,384.6773813345469,665.6952301492997,6817.556892524615,314.80933160572647,2875.1863583469217,1911.1905272406163,2079.1567647649063,4972.735624208123,1136.3829278354535,8436.439489107488,201.6042684134519,885.0943474486485,857.4033955557134,3806.3390194747385,4105.913087311291,12001.28538204386,577.9276664440315,20752.051237542557,97004.7034555749,3470.155442592154,16640.43894226984,1949.2538443204253,11319.732440477883,9724.613594733626,44337.57702896008,3692.80327155172,19681.923288093287,1486.3749357452432,8305.187473580285,7223.350238426891,34964.836897013374,12242.7459418125,56912.281892613035,11454.180213542311,53338.73562846703,8156.059908408381,37973.74355819759,8301.422447077452,31347.732427390947,5717.126102143333,30369.889310599407,44789.68231471683,144317.7087962344,3624514.674639924,10778893.582106818,893.7575016869154,2458.8613073659562,5662.7772651025825,15573.31694182057,447.30571421703405,4296.468839095543,3936.8094599742844,12787.8368335535,12927.470365347232,36267.541174423415,1595.844831176445,4022.9123173209086,10911.189387177841,48429.182413042305,1186.5757924442162,4091.6053840822105,3233.241420278844,19858.80993304421,1023.863133789901,4393.8995327666735,669.0589886701201,3313.1290611537315,5948.146924955642,20474.494774246974,2742.473078089011,8301.836879491035,2598.0397601299205,8636.088528751354,3768.494895398969,20952.382454783066,5956.1186993346555,23385.194574177025
26,39.747,-104.991,18th,1169.6753445192023,4574.150842837503,1112.7478830350021,1133867.777370851,1446.521480155732,12620.93271656595,281.304582267259,283.71167902470864,1441.1548871103246,1843.9484238715718,59.780458555302566,1287.9814667549647,1538.0893152676422,52.605046480225795,92.88928076315125,1360.1291421036733,32.179546372773096,673.4130339288982,317.33509197837566,413.2278245768049,874.7536421781597,250.1078485126777,1520.4635548460146,0.2794639284357034,115.82039567993533,150.0857274198728,590.1156581036174,869.7719505089314,2138.5188584655907,143.69433238230513,0,6346.109893243805,16859.870803385045,6395.390000992416,4267448.656688308,8505.74042262723,48860.7733923195,1146.9157384799475,1603.4019104130905,5251.712419269645,7196.051719073369,430.0587186468153,7419.954541957222,8536.634198739832,422.98713179829394,746.0041448668953,6999.348059767059,362.514238322218,2844.9863392955344,2163.270354575856,2182.004830144376,5237.949711812845,1116.6796567826102,8974.530732563462,102.10346605917978,863.0942726950525,873.5769005571747,3878.1781205131774,4253.68758452007,12479.765414034213,563.0261734167153,16691.017480963794,78938.00186926592,2776.3330971752616,13183.521725962311,1475.7141304121642,8583.198697789765,7825.447810060305,36385.355946706026,2870.0559040292756,15465.60884698003,1146.7457641927533,6542.464257598411,5470.9634627476735,29142.669559827784,9730.79940708174,46654.177432151315,9075.542332854364,43721.86508982819,6455.800773426126,31114.001068672886,7097.930080464134,26268.507679864615,4176.7690344875255,24406.15727787807,42044.245743538035,129799.98475613828,3492529.610312871,9764331.422283208,887.3119474456242,1955.041051130347,5494.521455605065,14769.765163326214,398.44096398948636,4227.5081260611205,3836.5961185493616,10929.445338010946,12654.449390723228,33596.45261326797,1580.3007927278804,3540.3036910475107,8884.408844658492,39953.70540022361,1058.9610345981882,3568.3494535175764,2224.0737363883636,16264.676057760016,795.4485719518615,3301.8267937752644,534.7216264725126,2529.006455190985,5304.777521291976,17599.536012874527,2046.3202660385075,7800.248933556802,2368.376325211859,7542.394801937063,2823.020140979796,16713.210735708846,5002.427669080508,19672.145210997187
27,39.748,-104.987,20th-Welton,2953.0759931509497,3085.7348976312187,3109.593398451138,809683.0178298259,4210.96343355333,11276.288262972834,170.96208510610103,636.6669076706478,1181.2049432822464,1447.9495233335565,191.38796544836828,3571.7809934017196,3902.810885813229,235.8154960987615,388.52084352161864,3004.157254193735,269.7740023271279,740.7911587628405,1286.7439438433712,893.0733205795289,2678.707672822191,331.02989241150914,4440.537536160903,2.2119102889550852,349.5343340279697,378.5610613482936,1807.7394113560204,1632.1454635272785,5736.1684585592475,121.08769241637225,0,6545.98447455173,13136.849194762968,6713.251623163141,3404662.6947808885,8966.279352943671,40067.2503300701,904.0007845519779,1656.1914784777089,4175.505316936952,5925.113395774386,484.71854149765653,7691.6800717846645,8691.422555248393,510.3496410609671,939.428171413258,6762.263293329443,472.3674400808409,2511.5263649191506,2507.5691794242794,2264.4542327804684,5427.225839004195,999.742483463729,9473.066084580063,61.57860064500587,937.1445039600208,907.1243765229158,4098.320162268321,4200.153494075334,12970.279669186173,470.10377684939465,16232.941357448122,16232.941357448122,2104.018517272079,2104.018517272079,1200.0117451727906,1200.0117451727906,8290.002758454557,8290.002758454557,2490.079777856286,2490.079777856286,1034.5728235150755,1034.5728235150755,6534.551674786406,6534.551674786406,11083.2845207058,11083.2845207058,10327.79010049696,10327.79010049696,7627.162339450346,7627.162339450346,6391.329985749668,6391.329985749668,4075.6800650180535,4075.6800650180535,17111.393450996937,17111.393450996937,1144480.7472600027,1144480.7472600027,73.660344982362,73.660344982362,2254.1219085292896,2254.1219085292896,203.57649010964704,203.57649010964704,1323.0063579438527,1323.0063579438527,4081.797835715078,4081.797835715078,562.2019157449049,562.2019157449049,8961.504080796385,8961.504080796385,671.5013223418259,671.5013223418259,2321.747988370351,2321.747988370351,1055.8288794839248,1055.8288794839248,818.8103952666088,818.8103952666088,4753.607362410834,4753.607362410834,3505.9581350620156,3505.9581350620156,1774.5342166279847,1774.5342166279847,2954.3065069580607,2954.3065069580607,5335.696251496497,5335.696251496497
28,39.753,-104.979,25th-Welton,1327.8738228978177,367.7046043805941,1513.9453713759822,122219.03583097947,2063.2670147760755,2196.521396013299,96.27687549329363,522.1891733418726,80.26238085426957,294.9975756390058,222.13575826393043,1659.6610503065888,1784.1564075644137,224.1929296260072,497.316356010877,865.7401514741961,194.4206578964375,297.16090608690763,738.9764355004086,618.7205088563643,1040.9405414502244,124.495357257825,2216.4164034524415,71.44843469340692,445.18818810180835,262.8837447839585,1296.7931365611835,831.7306355637506,3294.583907781955,28.02321604770098,0,3765.1151154650015,1920.3699105034318,4457.704914420865,572491.9119581394,6037.437051776154,8691.739678796486,350.5058347706815,1564.0750836954562,601.8834168633418,1206.3625598520518,668.2220024128937,4802.9490513691135,5185.571500682956,669.492508860093,1507.8318558970195,2498.6411741807397,502.8452604540577,1036.2538991146016,2092.581680735725,1822.4783006874263,2980.470750681687,382.62244931384225,6499.359166976055,71.50259436946035,1366.9291743851559,739.2977315047578,3942.6475694066366,2415.046969043794,9740.894622866705,110.7712291064218,16232.941357448122,16232.941357448122,2104.018517272079,2104.018517272079,1200.0117451727906,1200.0117451727906,8290.002758454557,8290.002758454557,2490.079777856286,2490.079777856286,1034.5728235150755,1034.5728235150755,6534.551674786406,6534.551674786406,11083.2845207058,11083.2845207058,10327.79010049696,10327.79010049696,7627.162339450346,7627.162339450346,6391.329985749668,6391.329985749668,4075.6800650180535,4075.6800650180535,17111.393450996937,17111.393450996937,1144480.7472600027,1144480.7472600027,73.660344982362,73.660344982362,2254.1219085292896,2254.1219085292896,203.57649010964704,203.57649010964704,1323.0063579438527,1323.0063579438527,4081.797835715078,4081.797835715078,562.2019157449049,562.2019157449049,8961.504080796385,8961.504080796385,671.5013223418259,671.5013223418259,2321.747988370351,2321.747988370351,1055.8288794839248,1055.8288794839248,818.8103952666088,818.8103952666088,4753.607362410834,4753.607362410834,3505.9581350620156,3505.9581350620156,1774.5342166279847,1774.5342166279847,2954.3065069580607,2954.3065069580607,5335.696251496497,5335.696251496497
29,39.755,-104.978,27th-Welton,576.0327620988583,160.61177139500495,767.7423473924833,54336.25800517596,1036.1116599710788,930.0415970610569,75.39411857979408,340.2679404488548,15.729708192906678,130.6590320391635,158.7434918778398,781.7845773118215,836.9892236899921,152.29491418956005,367.0265245011558,225.88102033338785,90.64169012310974,188.27436166528912,378.35673576654455,368.71400277472435,413.0705745370972,55.20464637817056,1131.3939153465021,0.0,334.6631018973593,142.77271536013762,840.1231119123336,411.9857670755174,1840.9182623008712,13.921695756940393,0,2848.1398690800715,842.429796962429,3652.604721033228,278277.6813383097,4938.820923441154,4784.877029597982,325.86879800186534,1514.1256537803783,119.9820023465244,666.6427907829498,692.3345567206161,3788.602078859047,4061.151441263367,672.2400406857122,1591.8804614494761,1360.00801710961,431.47105510533515,858.9247253644102,1783.843242566834,1672.5422198341817,2116.059859024865,272.5493624043198,5369.3280151033105,25.21926098471517,1447.534980966527,658.5686460083975,3761.764078842053,1957.790192637024,8519.747701056298,68.34629562171396,16232.941357448122,16232.941357448122,2104.018517272079,2104.018517272079,1200.0117451727906,1200.0117451727906,8290.002758454557,8290.002758454557,2490.079777856286,2490.079777856286,1034.5728235150755,1034.5728235150755,6534.551674786406,6534.551674786406,11083.2845207058,11083.2845207058,10327.79010049696,10327.79010049696,7627.162339450346,7627.162339450346,6391.329985749668,6391.329985749668,4075.6800650180535,4075.6800650180535,17111.393450996937,17111.393450996937,1144480.7472600027,1144480.7472600027,73.660344982362,73.660344982362,2254.1219085292896,2254.1219085292896,203.57649010964704,203.57649010964704,1323.0063579438527,1323.0063579438527,4081.797835715078,4081.797835715078,562.2019157449049,562.2019157449049,8961.504080796385,8961.504080796385,671.5013223418259,671.5013223418259,2321.747988370351,2321.747988370351,1055.8288794839248,1055.8288794839248,818.8103952666088,818.8103952666088,4753.607362410834,4753.607362410834,3505.9581350620156,3505.9581350620156,1774.5342166279847,1774.5342166279847,2954.3065069580607,2954.3065069580607,5335.696251496497,5335.696251496497
30,39.759,-104.974,30th-Downing,1677.5690966387806,467.74656230826014,2235.8812222307415,158242.43559402126,3017.4479921964758,2708.5421949497454,219.56883656571614,990.9557563949107,45.80932561442999,380.51577751756395,462.305607924937,2276.776137434428,2437.5475637287495,443.525539569596,1068.8842643366995,657.8289364095157,263.9740449199337,548.3077901129474,1101.8810199516913,1073.798674747443,1202.977462686985,160.77142629432132,3294.9366657459545,0.0,974.6328932449413,415.7942236804009,2446.67432592013,1199.818198851507,5361.270728806047,40.54388588863343,1,2526.4594828897293,704.437593837741,3367.2909973354535,238316.92107533314,4544.349385838065,4079.1298116713024,330.6759586833074,1492.4032475826966,68.98994821450297,573.0659299963312,696.243385429122,3428.879725051849,3671.0053670613693,667.9601499542108,1609.7654583384026,990.7062295324029,397.5512724697796,825.764744146005,1659.4593673971253,1617.1666788365103,1811.7130462153384,242.12564200952,4962.254014677641,0.0,1467.820622356839,626.1961200006036,3684.7504908435685,1806.9551187522693,8074.202904828383,61.06006910938769,16232.941357448122,16232.941357448122,2104.018517272079,2104.018517272079,1200.0117451727906,1200.0117451727906,8290.002758454557,8290.002758454557,2490.079777856286,2490.079777856286,1034.5728235150755,1034.5728235150755,6534.551674786406,6534.551674786406,11083.2845207058,11083.2845207058,10327.79010049696,10327.79010049696,7627.162339450346,7627.162339450346,6391.329985749668,6391.329985749668,4075.6800650180535,4075.6800650180535,17111.393450996937,17111.393450996937,1144480.7472600027,1144480.7472600027,73.660344982362,73.660344982362,2254.1219085292896,2254.1219085292896,203.57649010964704,203.57649010964704,1323.0063579438527,1323.0063579438527,4081.797835715078,4081.797835715078,562.2019157449049,562.2019157449049,8961.504080796385,8961.504080796385,671.5013223418259,671.5013223418259,2321.747988370351,2321.747988370351,1055.8288794839248,1055.8288794839248,818.8103952666088,818.8103952666088,4753.607362410834,4753.607362410834,3505.9581350620156,3505.9581350620156,1774.5342166279847,1774.5342166279847,2954.3065069580607,2954.3065069580607,5335.696251496497,5335.696251496497
31,39.693,-104.978,Louisiana-Pearl,3137.5349617921875,342.80934673777017,2496.7968155983185,147227.7334485927,3444.38320930583,3275.9369588746376,35.685170380802916,1242.3376107750094,126.16338395179415,211.31051099409623,548.6133846253814,2784.5661284289627,2979.325856741508,322.72355845212337,1700.7916482355167,798.7977181810606,151.11799637023094,419.25677615349196,909.3275784753898,1518.866035529526,1265.7000928994366,194.75972831254546,3623.2209190062854,120.96156792822919,871.5272046713756,698.1158856021987,1156.9036577047846,2776.599154603572,5981.172993147106,874.3958753044384,0,3923.969977192005,431.0981945782245,3130.737651156094,185383.33575001263,4319.53004424828,4119.707642074067,44.437208673587364,1556.4961101307365,158.7825456949193,265.9072035583665,686.334757948363,3491.78420907273,3735.9928098145165,405.05263021764415,2126.851182583071,1006.0917616151276,190.3871543203139,524.2717150495781,1143.3787903095435,1901.6349380554352,1590.1492710172952,244.2086007417862,4544.104681084946,149.10715478186688,1094.4047623904244,875.4571454618165,1460.7310643854275,3472.304595418487,7496.396086693305,1077.9330554877088,73140.65793248967,135626.3634897462,13375.418783196279,25208.562381256583,8903.021932097661,16011.166516774776,32463.61784120033,60301.407133866334,15326.30046262173,28575.495596330795,6749.8518594499365,12476.954492274685,26211.437649218846,46588.511980149044,42186.371355142124,78075.77585160799,39540.514641321606,73063.2327029224,27931.525366900794,51863.375886102265,23285.284842781057,43209.80769190831,22969.334399389976,42415.05006909155,71493.97436006575,186010.8805578619,4470299.60264019,13660803.520392546,1950.944247126235,3624.9268251430954,4953.071997757205,17788.295170590896,3541.6662094891512,4599.166700855328,6370.597673004303,18332.689682546632,12572.014025905768,43230.4119721975,2019.3551280442168,5339.791283701824,34861.03469454418,65375.60864799173,2397.4168533438497,5074.201514125398,16559.811726524502,27123.021649131108,3556.124125340537,6599.617532337833,2803.9286074099196,5052.985527774504,11765.735771131202,26101.683082395895,5983.780203197571,9548.41426670572,4472.267421149079,11453.665433028225,16084.899308254075,29040.357114053135,16378.718532946255,31261.050019813203
32,39.685,-104.965,University of Denver,3089.1364979727105,313.05967011984586,2461.787405942425,154097.73737578202,3430.304780448996,3445.4131595905824,44.79810094307559,1308.2802263650349,98.20446442031081,170.58414123814273,626.1193402396917,2728.467865674145,2903.619656420209,297.95129097825964,1907.3450272116536,554.0910210763153,140.89441943665344,406.872163859463,753.3108111525809,1562.4874893635854,1165.9803763105597,175.15179074606417,3603.6997829227826,188.85473926982849,996.2746292085556,670.7417623555397,1264.8875560397814,2731.4544057370167,6290.707445371179,1362.564983978409,1,3514.3759931430154,356.15434598389754,2800.6682661461036,175310.2814286485,3902.5082826495977,3919.696427293041,50.96484748927826,1488.373408833942,111.72294018237864,194.06614475329096,712.3086919677951,3104.0590053175715,3303.3215658932986,338.9662013404547,2169.9033301611535,630.3652116909162,160.28944190745557,462.8807324908567,857.008886407942,1777.5739355672192,1326.4850697503523,199.26256057572718,4099.772221755157,214.85180804303585,1133.4182357321451,763.0736773100566,1439.007458520798,3107.456661816857,7156.6637603767695,1550.1308122621263,66030.44556535724,130842.6090680829,12235.489181255913,24275.9948339755,8308.26426102763,15401.616528373726,29205.672122183598,58169.22381499058,14182.238621782,27603.577595395498,6302.724060192813,12051.740366865492,25090.743745763208,45777.625204604556,38060.4166873298,75459.5437484614,35793.74283254862,70685.58660275696,25357.664998014523,50263.18777803721,19228.81079252703,41056.22995162832,22703.781936023373,41774.17253506287,60471.66251437824,184085.57365310035,3685267.0616401266,13602972.489120701,1499.7607234221055,3624.9268251430963,3269.2339867303986,17692.784360750557,3439.0672146206257,4521.42090164529,6602.748730359674,18303.08133149613,9738.57891041588,43146.744502777365,1398.3103980444264,5325.464662225773,31187.07592280928,63126.520097871406,1981.403800625679,4957.296282880822,15528.993816400767,26258.839841695713,3122.033700838696,6297.230308383317,2606.6331540774677,4719.079736572674,9841.396882197816,25398.341478731632,4917.469793190603,9315.940955554332,3723.0039929701525,11306.387764254423,14977.28714190428,28267.4836408251,14228.384980279323,29901.740174165483
33,39.68,-104.938,Colorado,2536.5044356118815,655.1679106761154,2366.5736651033985,242707.2863589382,3383.743446685363,5566.111158518912,66.58104899649383,1352.6312932595274,298.76345862463046,360.39498270382154,610.9145375130638,2845.0566281037204,3021.0576629301668,154.45960526458396,1756.6264330404758,864.7840642760431,243.94201944885577,248.54334673354975,304.43177435871553,1524.261700896587,1320.7949272071332,176.00103482644684,3627.770334961307,70.47139303811575,1072.8759791637638,847.3459368388062,1687.9375015922114,2227.4739431419207,6312.842838942081,528.9532426981326,1,2664.7580604282643,705.063698084284,2500.774323651409,259872.67546604303,3578.722441170971,5962.835860357785,71.20264412517774,1432.750568811127,323.0573530180519,387.8978337148952,645.8817006565025,3014.3814096297283,3200.637153647368,158.47080103664922,1853.4706509634257,925.771679993053,261.6784807540314,257.5074972850348,306.59433207930726,1611.496488948198,1402.8849206815303,186.2557440176398,3839.3696319285596,70.47139303811575,1137.8573506712214,902.6829985116894,1800.634662805628,2339.456065109013,6680.373011552966,530.8542006944592,67847.93655330414,122786.3046968794,12703.214522746017,22478.013150611663,8913.92396336011,14592.977498759126,30057.196193007454,54940.66302384255,15194.544108654749,26061.75817187583,6762.798304220679,11317.494339630726,26787.208811287826,44434.048804395185,39392.32056063694,71399.5286441001,37106.804443838235,67016.18775131233,26526.986439439857,47844.93455727517,17055.50939669048,36731.7236957822,25301.04640446209,40835.6543158883,66875.57855839095,178344.66107043854,4350747.784689095,13326902.739758322,1034.6903723257437,2905.5108374855886,3680.9565479557164,17432.226921369456,3122.4620773955853,4483.724248455935,8597.451096254184,18171.730987032028,11821.928461062806,42731.394201402414,1151.0061548132405,4668.102771554807,32007.93633392707,59613.66238717759,1950.7401409196245,4672.999363335042,15744.816338818464,25019.179843310925,3227.517632152306,5754.37649704919,2677.2913976829586,4297.250569807578,10277.914431366304,24117.97162278784,3872.4890079308816,8624.30255914809,4265.1945724413445,10917.272858433027,16181.025714410503,27174.51624561468,13876.170478596949,27766.146778227863
34,39.669,-104.927,Yale,2070.0585058082843,805.3355160616671,2166.0457169152496,277055.40313221817,3147.029384679986,6403.275889329188,74.5941669892841,1293.1532194293252,392.11197968329344,443.9056654418907,564.3822823151495,2732.961386033809,2898.475990523239,64.74210719824657,1563.099657703753,984.3615168359491,286.2727087852903,144.68453521695105,34.90444040253294,1408.0000878505625,1324.9612981832463,165.51460448943038,3415.2868984188076,0.0,1048.8221366115945,893.1595919132018,1818.971724848128,1807.4307405214838,5932.065943894993,30.68212906351686,1,2250.0635932698738,875.3646913713774,2354.3975183861407,301147.17731762846,3420.6841137825936,6960.082488401291,81.0806162927001,1405.6013254666577,426.20867356879717,482.5061580890116,613.4590025164669,2970.610202210662,3150.5173810035208,70.37185565026802,1699.021367069297,1069.9581704738578,311.16598781009816,157.26579914885983,37.93960913318797,1530.4348780984376,1440.1753241122242,179.9071787928591,3712.2683678465296,0.0,1140.0240615343419,970.8256433839149,1977.1431791827476,1964.5986310016128,6447.897765103254,33.35014028643137,67847.93655330414,115519.90441086415,12703.214522746017,20967.949479540715,8913.92396336011,13579.196622156953,30057.196193007454,51924.77543385492,15194.544108654749,24423.497693444413,6762.798304220679,10602.11033179466,26787.208811287826,42612.29223709315,39392.32056063694,67519.11265781593,37106.804443838235,63434.5850944245,26526.986439439857,45377.4758392745,17055.50939669048,34039.48383821225,25301.04640446209,38972.27815652433,66875.57855839095,173794.51595206966,4350747.784689095,13088783.507442513,1034.6903723257437,2533.416817886698,3680.9565479557164,17191.287825451032,3122.4620773955853,4480.444151985364,8597.451096254184,18051.87249903914,11821.928461062806,42331.30119684118,1151.0061548132405,4337.459429921027,32007.93633392707,56395.188721081846,1950.7401409196245,4470.413287226924,15744.816338818464,23596.56901872808,3227.517632152306,5304.991549559802,2677.2913976829586,3995.953725215555,10277.914431366304,23137.237342165252,3872.4890079308816,8283.304747518512,4265.1945724413445,10573.037975189678,16181.025714410503,25649.14742987277,13876.170478596949,26275.62800398215
35,39.649,-104.916,Southmoor,2576.471345271523,1622.3200899589376,2640.0880376533187,501719.97419795697,3624.3059844942827,6597.375174563445,38.67914023566081,1444.2394808940835,1226.0177306302244,400.07215778738873,578.3785476503538,3024.734323006985,3227.880790283487,302.01536172276724,1299.0306266167195,1319.5681889330408,304.0828032433812,408.4612325337624,34.39238818406248,1583.1539025696907,1441.5804204372942,203.14646727650242,3834.1204829690964,9.59031811502093,1017.0252231800534,1018.6014169704767,1354.3800913294763,2388.0594107199013,6247.595871326432,55.84889777611288,1,2576.471345271523,1622.3200899589376,2640.0880376533187,501719.97419795697,3624.3059844942827,6597.375174563445,38.67914023566081,1444.2394808940835,1226.0177306302244,400.07215778738873,578.3785476503538,3024.734323006985,3227.880790283487,302.01536172276724,1299.0306266167195,1319.5681889330408,304.0828032433812,408.4612325337624,34.39238818406248,1583.1539025696907,1441.5804204372942,203.14646727650242,3834.1204829690964,9.59031811502093,1017.0252231800534,1018.6014169704767,1354.3800913294763,2388.0594107199013,6247.595871326432,55.84889777611288,64742.30706728029,107237.00551177892,12000.24573384494,19230.439818624676,8651.978026265177,12456.405411199594,28894.971222243163,48511.17183901234,14773.755625092444,22589.69326350314,6562.586820269517,9792.347257611493,26859.95500418541,40594.23153251895,38073.28788135792,63153.72473183921,35987.04872822633,59410.41311812528,25898.18820727547,42612.23382520838,14285.003307493269,30819.751379642898,25883.940973703753,36955.24105551476,66144.71538667161,168434.59728245228,4396000.064163525,12812469.607494054,443.00368222327603,2052.4270704011547,3755.2416603910297,16904.808270394602,3135.9837312192553,4476.24178776231,8909.087706635908,17912.719399797115,12030.848264449964,41876.54324126416,612.0014263242502,3898.789212856617,30663.505850492424,52737.08745674812,1768.5346282492708,4225.915617735786,15451.970041380133,22023.02714152405,2957.5191592435153,4792.7869808865125,2474.0221761681773,3648.1204821826514,9705.398349742953,21977.300356790918,3343.5483353725785,7855.268594685643,4299.773141415751,10159.592957427862,16061.716971794849,23986.635322166225,12833.254250448315,24524.53651684612
36,39.643,-104.878,Dayton,1629.739068386014,1141.236309492283,1713.719988864436,358494.9915672711,2322.678861660288,4470.567458948008,32.00343328671234,976.6867802184629,940.2792852591007,267.33740988646747,398.68666139217004,1935.5274167588304,2065.714553888253,291.80325720095584,707.8182609061192,838.9888800291603,221.59804522123522,314.6195809969908,11.80390800425269,1060.9334278576534,874.5939889011772,130.18713712942215,2450.6439398232224,0.0,712.7295073339719,696.2158493761151,775.2521332805347,1560.7953317157137,4081.988171859176,44.007386620011005,1,1629.739068386014,1141.236309492283,1713.719988864436,358494.9915672711,2322.678861660288,4470.567458948008,32.00343328671234,976.6867802184629,940.2792852591007,267.33740988646747,398.68666139217004,1935.5274167588304,2065.714553888253,291.80325720095584,707.8182609061192,838.9888800291603,221.59804522123522,314.6195809969908,11.80390800425269,1060.9334278576534,874.5939889011772,130.18713712942215,2450.6439398232224,0.0,712.7295073339719,696.2158493761151,775.2521332805347,1560.7953317157137,4081.988171859176,44.007386620011005,46212.965012588356,84717.77424587453,7895.694695373318,16280.604923165956,6566.025383798533,10543.551649688234,21146.221258679063,37034.114449751556,10384.561505970922,18792.159129579886,4519.47502411534,8433.02531320857,19149.813330814388,31876.531624741787,27325.877584742826,48984.28224029079,25745.850139977392,46119.024809149654,18563.87937989578,32878.450337365575,10190.708101465374,22681.862263968036,17682.86972945399,30253.5292481808,38735.86070390906,92242.04969984974,2383700.492129051,6146175.703351088,389.8780183511943,1435.833288648376,2452.9387304278434,5894.488000603878,2996.5408653380523,3663.348108148317,4881.591911440755,10488.269909469735,7179.245680566815,16757.313060534674,352.08647921796876,1695.0147358247793,22505.349469731824,39484.76760013152,1359.128211052765,2450.653150379967,11125.42294245167,19371.693506167307,2182.265708405801,3887.548114962546,1883.6019427656533,3108.15563569648,7280.923866464337,12926.358019299678,2079.4483831234643,4994.604110550997,2793.1189610840124,5821.795977967206,11652.907244390737,19711.760900046622,9493.314014288326,17322.353549704934
37,39.657,-104.845,Nine Mile,1647.0197047363813,299.1680122014325,2257.145784161138,80527.43513219897,3105.2563767059255,1991.5740373055137,30.345907410583507,1480.672071127056,143.1948912975748,216.9350935739678,688.5943247164907,2457.2357957009785,2582.2516811901005,418.65074225466304,1173.884970507951,714.0261171005286,266.91599209209534,356.9618550598184,11.843233494364188,1576.9135087617333,880.322286939245,125.01588548912216,3342.8128817636816,0.0,1292.2718763884714,878.6547548961494,1323.2941696656158,1787.4215943474178,5953.353058966904,36.8506259853227,1,1647.0197047363813,299.1680122014325,2257.145784161138,80527.43513219897,3105.2563767059255,1991.5740373055137,30.345907410583507,1480.672071127056,143.1948912975748,216.9350935739678,688.5943247164907,2457.2357957009785,2582.2516811901005,418.65074225466304,1173.884970507951,714.0261171005286,266.91599209209534,356.9618550598184,11.843233494364188,1576.9135087617333,880.322286939245,125.01588548912216,3342.8128817636816,0.0,1292.2718763884714,878.6547548961494,1323.2941696656158,1787.4215943474178,5953.353058966904,36.8506259853227,28527.845884989583,75355.78958605728,5143.7247226778545,14412.851951979668,4333.97754999475,9644.37848696581,12995.515549604324,33017.14873631504,6547.382844928454,16831.335881365187,2840.9563535872276,7558.8573777567835,10459.793059814085,29172.774228966522,16670.634537936116,43558.52775492025,15583.014054225845,41060.83083119438,11143.573192697542,29301.40444831702,6959.835620715965,19398.22675935291,9771.181020446436,27729.061625387712,25028.903718665068,74650.94575490523,1460505.0903885835,4825466.45335979,80.06171115313668,1137.0171002396808,1688.6453093935363,4085.8344029552154,696.3422821430961,3541.3409928005613,3000.367345494824,9087.594985957141,4523.227838390435,12666.141581388512,242.20369691873458,1215.754346624446,13795.380678815245,35091.037831972695,799.865129210924,2073.889095657664,6500.459948775018,17650.896838901455,1231.6710736412167,3540.1432528405735,1322.811568790858,2888.131802450563,4721.728767174722,10913.012621380556,397.37574444392783,4447.523671928269,1473.2705505410725,4757.1612896441775,7153.262627936228,17828.69622250765,5842.252921668096,15188.452513807388
38,39.628,-104.904,Belleview,2463.348811235409,2000.148825318764,2461.721965657496,621869.9309160932,3288.148095996723,6985.60686677877,29.399510975355668,1286.560823902422,1656.856717573827,382.39876880206793,503.78594566303906,2637.6717149716324,2827.023277754863,329.9197853342014,1016.8263182294817,1206.3063600322396,268.77795816791115,493.7194705299851,19.434249051565768,1418.2910915613986,1219.3806234102333,189.35156278323132,3428.3223448776434,0.0,884.168138815532,863.1901858460452,809.0812670048409,2403.635148666965,5413.238689080488,63.23772391210923,1,2543.828413896667,2074.9255422215033,2528.4456640276776,648076.7291307593,3380.566315357908,7308.847936425776,32.34258758170854,1331.542754142313,1730.1506251116111,394.46627056278004,525.3591941582522,2706.327421060144,2899.6772044372933,334.2613543383628,1056.6521062797608,1227.7989651133787,275.39988664305884,506.50578686628967,19.61218463932415,1461.002583950538,1245.3248371096056,193.3497833771499,3524.504091701304,0.0,925.3718304033497,884.5855541673241,830.8824640630629,2496.553417887805,5583.526805872762,64.48748276570203,53110.03567622786,101267.56096799758,9761.171389109233,18307.49706778177,7122.516552193902,11894.865949318824,23784.36642785296,45680.06540524045,12284.054176119032,21456.88123448429,5489.696767640234,9357.193324615473,23214.248014411372,38780.83577965895,31260.832836202495,59405.99897190132,29613.058457205614,55914.255328361636,21372.37861358706,40100.855478025725,10511.030061627043,28657.542468833068,22692.679838013166,35549.98947672556,61931.150829885264,151743.1867695712,4290418.884592138,11482540.656396816,487.26403762200187,2052.147606472719,3504.375471659756,14944.466315400234,3064.3281645364764,4330.986290282978,8981.340187798854,16406.68942976589,11719.615149349094,36900.30565454793,588.4772419438395,3598.230261059358,25231.490332233032,49558.213624505086,1447.1239043800774,3878.148219264641,12811.359506064202,21001.765016395504,2214.2013684725657,4645.124326276197,1978.507982183983,3543.0865646152843,8185.34073611827,20164.25987376085,2079.543420207759,7368.980746651232,3888.0543549281992,9326.073769659413,13293.280293905595,22745.469607799423,10491.086133947361,22934.59579744103
39,39.614,-104.896,Orchard,1511.397904507056,1431.0815801920976,1214.1457576467337,508888.6247551798,1692.9781949748428,6340.289174420513,60.90143675790719,853.1310327043072,1430.877212954655,225.41706289923368,419.6681220884645,1239.5894787083425,1308.4612377265128,63.251659988497565,766.6836912660698,352.73785182599937,118.22644686056815,230.62842745402102,2.0436723744264156,791.8208614715148,447.76861723682765,68.87175901817021,1761.3390358994066,0.0,808.7833421792541,382.47328487390365,396.26807340128204,1785.8631043925234,3179.341112895175,21.152009075313405,1,1668.209607623682,1579.5602430376352,1340.116730294408,561687.2237915891,1868.6293542768685,6998.111671545819,67.22012887186224,941.6457314617078,1579.3346721353807,248.80470518679212,463.20984777976213,1368.200307625102,1444.2177016848925,69.8141942477898,846.229239808024,389.33537729139,130.49276695426946,254.55676319428366,2.255709022545713,873.9744607853364,494.2258468397656,76.01739405979052,1944.0828210810225,0.0,892.6968456724658,422.15594356943006,437.3819794716137,1971.151329351571,3509.206526374365,23.346588383348127,43046.87451122159,88215.08798008958,8176.914677103886,17036.004848217864,5728.184817215589,10817.551333527708,19064.272882665166,38516.35100915597,10065.02978512556,19362.653964050965,4542.396721622682,8732.116248494882,18446.973984233176,32941.67478813692,25186.96797737299,50643.473919925884,23845.996386239498,47626.28981246974,17161.861809124304,33895.6421236835,8578.874270641725,24715.768622914973,18355.28535169388,31030.04292235607,54184.64641206261,94734.89138539296,3784696.1595762735,6348175.938262186,366.3024696937727,2046.919925497775,3025.727550779193,6325.71326478029,2145.924902612027,3681.653987236232,7914.897518587958,10694.084734643287,10235.569493119043,17324.598920850385,520.7886382763243,2297.602104984232,20186.44992160327,41157.61047678004,1122.17703893811,2641.259467624076,10402.74959692257,19688.738535509994,1599.6745528194867,4331.619719103665,1605.7919405925168,3360.0282882209085,6547.554137908049,13662.457838798666,1158.411933728116,5838.142330598158,3154.1779977777164,6127.826101059739,10713.480830518416,20076.013413649445,8350.792052146748,18440.337595506528
40,39.6,-104.889,Arapahoe-Village Center,1409.1160966278771,1372.8688438419795,1165.83221513406,510757.9387906011,1620.7002629599037,6317.269556319279,64.37203334921242,809.0380948788338,1305.3354634638158,242.08482737274576,394.5268752391139,1190.884181265765,1253.0528458190438,78.49802502078666,704.6039778576422,358.16657900580833,105.78340122212829,259.59315163584427,2.0189033191495622,758.6672016045454,432.2169796612195,62.168664553278944,1688.3080182065253,0.0,758.1683699554094,362.2297783883108,389.4562880114878,1657.5833412159354,3030.404578809961,23.504258208038475,1,1474.1762713252006,1434.471693320447,1218.096767615542,532663.7405184731,1693.5768077767016,6590.195911509565,66.99361837521502,845.7622784058403,1366.9295156770954,251.78821087503061,412.59205930252455,1244.2439932631437,1309.3773361847545,81.22077859645044,737.6069182101551,373.3506587201725,110.87261913334478,269.52086540042126,2.1068759710288445,792.7522055751733,451.4917876879704,65.13334292161076,1764.1272482286847,0.0,792.9835469366354,378.6938601875185,406.51418521088067,1734.4582430606463,3167.263633338561,24.414775154989048,36756.16706585041,81654.88123403538,7180.640047895331,15876.726285589515,5057.4430548600485,10239.591654341395,16335.805016991018,35518.699404051105,8756.749558760526,18189.94440147992,3916.277381382991,8230.466331062224,15357.837486260463,30937.819934325904,21583.268194450207,46919.65866641743,20415.6916057905,44178.48570821384,14700.074403181881,31466.310042381352,7313.986714601943,21799.453018618657,15623.830945956863,29502.572128884858,50739.23325247203,81309.81154054496,3630598.4222004917,5244151.69961243,177.44773042394422,1597.146742692913,2855.1434095410505,4529.123852211013,783.3599186336179,3559.4037567143814,7816.693054167647,9558.009576358267,9922.509822999195,13446.202823408925,475.9905373332486,1634.491538833557,17282.830265183064,37769.25890996417,947.0252481920456,2250.5595059130655,8495.404569710916,18796.01662976313,1301.723261841227,3928.01918542629,1464.8975211558634,3117.1447308194192,5993.463116831734,11821.128134226805,405.10112257553516,4939.2076248892,2747.3058339182535,5301.2346694799535,9150.993341154834,18979.66634747109,7184.811675836187,16539.03305658002
41,39.579,-104.877,Dry Creek,857.7547721445675,970.2205735823985,827.5429883961034,437337.9199818348,1133.8190068697809,5259.384263772958,65.62129373322323,539.9787843730875,694.6111399028609,258.52190867771805,251.50497825871994,847.4242912499313,878.1558476220249,115.7793519134691,393.402904509571,320.04999299985906,48.923598199125834,313.227977314722,1.6242894488421593,532.9618539540893,314.46243729584205,30.731556372093653,1188.460103928831,0.0,475.851836932799,240.13495211682485,306.73081951935336,983.1499175951822,2075.257171418696,27.482977474409335,1,866.4189617621893,980.020781396362,835.9020084809124,441755.4747291261,1145.2717241108896,5312.509357346422,66.28413508406386,545.4331155283711,701.6274140432939,261.1332410886041,254.0454325845656,855.9841325756882,887.026108709116,116.94884031663545,397.37667122178885,323.28282121197884,49.417775958712966,316.3918962774969,1.640696412971878,538.3453070243326,317.6388255513556,31.04197613342793,1200.4647514432636,0.0,480.6584211442414,242.56055769376246,309.8291106256094,993.0807248436182,2096.21936506939,27.760583307484175,36756.16706585041,72413.35741278672,7180.640047895331,13818.159543802942,5057.4430548600485,9364.23187127259,16335.805016991018,31874.679206658286,8756.749558760526,16372.560937973689,3916.277381382991,7355.9143968757635,15357.837486260463,28720.394426341696,21583.268194450207,42031.98153582553,20415.6916057905,39631.77167296786,14700.074403181881,28385.110496115376,7313.986714601943,17606.670345585637,15623.830945956863,27671.68174416504,50739.23325247203,74145.49972715993,3630598.4222004917,4881009.128756763,177.44773042394422,1132.0763915965513,2855.1434095410505,4223.304583811901,783.3599186336179,3154.960757821571,7816.693054167647,9409.570447588523,9922.509822999195,12887.29494443004,475.9905373332486,1226.8480611093519,17282.830265183064,33876.6589464508,947.0252481920456,2001.9797397925167,8495.404569710916,16739.94729930567,1301.723261841227,3420.5749975509807,1464.8975211558634,2766.1799829115616,5993.463116831734,10865.402994289097,405.10112257553516,3878.7404133671216,2747.3058339182535,4913.642264940762,9150.993341154834,17314.862355656947,7184.811675836187,14559.816851001337
42,39.562,-104.873,County Line,961.8100992554885,550.678711660815,924.55033406201,272208.4678748334,1256.7422577511097,3701.5377904583984,39.058925417508426,586.7656071601039,417.9255704037617,270.619122093065,294.57827464162096,905.9187708471,931.7404250087213,97.30473991910338,493.0459226637484,294.7851653633443,44.612912384944806,323.635447835676,3.062634165176861,565.2894530013568,340.6293178457431,25.821654161621332,1313.958033877463,46.680109630790625,553.8778042504341,225.71284410049967,276.77938990200914,1176.5734379092205,2273.3492545188274,16.70885881489701,1,973.293247587543,558.1516733542162,935.5942911174038,275823.23027427756,1271.771081010559,3749.4026722065155,39.582981855298016,593.80236192856,423.5187922401353,273.88228443476817,298.07426734031617,916.8087164530218,942.9531020668664,98.52084967524664,498.8456313374717,298.4118049879693,45.16268288061504,327.5455002246149,3.0971236115489575,572.0925565384346,344.71615991458737,26.144385613844584,1329.6767408686173,47.1593715366509,560.45666304708,228.48048057823613,280.19619167924856,1190.4966661737067,2300.580730039602,16.931938612401016,24511.25828301334,67034.37867224406,5058.941932119973,12561.31295065143,3316.9375261080404,8876.573090077156,10757.787002853489,29806.535465046898,6110.965046071673,15365.00684725128,2740.980561554777,6861.124638282982,10751.274544840298,27831.330519983785,14540.210961070094,39398.99082266905,13884.91877442515,37255.27369960483,10167.455021163234,26831.761929888984,3807.0774881616026,14559.384866486424,11588.926262293458,27078.002875497485,38769.84620462394,69713.09876498218,3110835.732709335,4654052.940356361,106.97633738582847,493.7095918632929,2050.8427613953377,4026.9705741541484,223.7245468719684,3151.7735528303433,7125.8176158597225,9303.281487566486,8462.006396261411,12545.536036156383,334.8153213474707,648.7844072028532,11363.296611729658,31600.48803800743,605.5096088761685,1793.9525729605414,5175.678478966686,15954.055079203587,1082.5215493783965,3053.2717847230865,934.6827929217171,2518.297849011835,4144.3175357197415,9998.101747302404,65.76490781428673,3346.737106643642,2354.0779519677526,4624.585386079492,6218.731552407683,16630.264160039937,4539.055450445807,13176.271305006963
43,39.545,-104.87,Lincoln,971.3755157983778,514.6877717064195,933.5737226135116,258052.8761928362,1268.2249713785086,3568.38337831057,36.782980878602935,591.2512221588354,394.1937809305779,271.7289137631185,298.5378180134652,911.5642428037338,936.9821875150043,95.75262547957115,502.08503782345394,292.70339755945054,44.27567284365773,324.8122446637415,3.1887712710634704,568.5471882450865,343.01705455864715,25.4179447112705,1325.7029413111281,50.70590964001692,561.0672168064908,224.59506381197951,274.38155899315376,1194.061901793731,2292.0716049637576,15.789821611088072,1,982.8611418013966,517.7508824717403,944.5922840233228,259876.84047970694,1283.1369729699418,3598.227566269309,37.023670634733136,598.1357897174559,396.82432964719146,274.83459362264495,302.1377232857201,922.0927130890907,947.7625294673487,96.70196533327263,508.31232072120486,295.80455097892843,44.74143131070178,328.4965848632901,3.2334608925557413,575.0863143573683,347.0063987317224,25.669816378258023,1341.271687529907,51.568581070565415,567.8141833763245,227.00566756035127,277.24761361955325,1208.5970569864637,2318.868335631415,15.897103063535951,18263.662411686906,57171.06943280664,4041.9167089399193,10454.993734526128,2298.3361091375637,7596.056266102163,7733.052679846504,25683.53221252628,4666.72556517759,13106.801543641475,2162.6020139044235,5829.325939192723,8174.803199568775,24966.634790090597,10706.090478100998,33772.779370933255,10260.61278993087,31991.69633789356,7527.3669835099145,23072.637748569316,2452.697396832127,11714.522428240363,9200.866851573557,24233.036905668974,32172.47103006049,64676.58740106406,2609115.7585113784,4422403.948919191,97.38601927080754,493.709591863293,1650.770603607949,3672.6312811572725,167.87564909585552,3113.192914764024,5899.7998852294995,9081.553529223776,6839.686306302474,11992.636123973098,296.13618111180983,604.0212803924042,8135.41582144617,27258.270874752376,402.363141599666,1574.7386622261054,3876.6478523499673,13820.527189954684,780.5061876556292,2442.6159303106056,630.599989678336,2112.8453443815906,2824.749346786701,8828.710139781939,31.372519630224232,2775.696232258262,1945.6167194339898,4117.7177898462605,4635.577649837991,14238.755048324769,3097.4750300085125,11444.777164201509
